"","x"
"AAACCTGAGACAAAGG",TRUE
"AAACCTGAGCTACCGC",TRUE
"AAACCTGCACCAGGTC",TRUE
"AAACCTGCACTCTGTC",TRUE
"AAACCTGGTATGAAAC",TRUE
"AAACCTGGTGAGTATA",TRUE
"AAACGGGAGATAGGAG",TRUE
"AAACGGGAGTATGACA",TRUE
"AAACGGGAGTTACGGG",TRUE
"AAACGGGCACCGATAT",TRUE
"AAACGGGCATAAAGGT",TRUE
"AAACGGGGTTCTGGTA",TRUE
"AAACGGGTCACCTTAT",TRUE
"AAACGGGTCTTGAGGT",TRUE
"AAAGATGAGCTTATCG",TRUE
"AAAGATGAGTGTACCT",TRUE
"AAAGATGCACAGCCCA",TRUE
"AAAGATGCAGCGATCC",TRUE
"AAAGATGGTCCTCTTG",TRUE
"AAAGATGGTCTTGCGG",TRUE
"AAAGATGTCACGCATA",TRUE
"AAAGCAAGTAGAGCTG",TRUE
"AAAGCAAGTCGCGGTT",TRUE
"AAAGCAAGTGATAAAC",TRUE
"AAAGCAAGTGCGCTTG",TRUE
"AAAGCAATCAACTCTT",TRUE
"AAAGCAATCACTGGGC",TRUE
"AAAGCAATCTCATTCA",TRUE
"AAAGTAGAGAATGTGT",TRUE
"AAAGTAGAGCATGGCA",TRUE
"AAAGTAGCAACTGCGC",TRUE
"AAAGTAGGTCTACCTC",TRUE
"AAAGTAGGTGAGCGAT",TRUE
"AAAGTAGTCAACACAC",TRUE
"AAATGCCAGAATTCCC",TRUE
"AAATGCCAGATCACGG",TRUE
"AAATGCCAGCAACGGT",TRUE
"AAATGCCAGCCCAGCT",TRUE
"AAATGCCAGTTGAGTA",TRUE
"AAATGCCCACAAGCCC",TRUE
"AAATGCCGTAAGAGAG",TRUE
"AAATGCCTCTCGCTTG",TRUE
"AAATGCCTCTTTACAC",TRUE
"AACACGTAGCGGATCA",TRUE
"AACACGTAGGTTCCTA",TRUE
"AACACGTCACCGTTGG",TRUE
"AACACGTGTCAAAGCG",TRUE
"AACACGTGTCAAGCGA",TRUE
"AACACGTGTCGAGATG",TRUE
"AACACGTGTCGCTTCT",TRUE
"AACACGTGTTAGGGTG",TRUE
"AACACGTTCCCTAATT",TRUE
"AACACGTTCGGAAATA",TRUE
"AACCATGAGAGCAATT",TRUE
"AACCATGCACACCGAC",TRUE
"AACCATGGTATGAATG",TRUE
"AACCATGGTCTCCCTA",TRUE
"AACCATGGTCTGGTCG",TRUE
"AACCATGTCATCATTC",TRUE
"AACCATGTCGCATGGC",TRUE
"AACCATGTCTCTGTCG",TRUE
"AACCATGTCTGGTGTA",TRUE
"AACCGCGAGCTGCGAA",TRUE
"AACCGCGAGGAGCGAG",TRUE
"AACCGCGCAAGGTTCT",TRUE
"AACCGCGCACCAGTTA",TRUE
"AACCGCGGTCGCTTCT",TRUE
"AACCGCGGTTACGACT",TRUE
"AACCGCGTCAACTCTT",TRUE
"AACCGCGTCACGCATA",TRUE
"AACGTTGAGATTACCC",TRUE
"AACGTTGCAAGGTGTG",TRUE
"AACGTTGCACTCTGTC",TRUE
"AACGTTGCAGCGAACA",TRUE
"AACGTTGGTCAGCTAT",TRUE
"AACGTTGGTGAGTATA",TRUE
"AACGTTGGTGGTACAG",TRUE
"AACGTTGGTTGCTCCT",TRUE
"AACGTTGTCAATCACG",TRUE
"AACTCAGAGCAGGCTA",TRUE
"AACTCAGAGCCCTAAT",TRUE
"AACTCAGAGGCTATCT",TRUE
"AACTCAGAGTCCCACG",TRUE
"AACTCAGCAACAACCT",TRUE
"AACTCAGCAATACGCT",TRUE
"AACTCAGCAGCCACCA",TRUE
"AACTCAGCAGCTCGCA",TRUE
"AACTCAGGTCTTCAAG",TRUE
"AACTCAGTCATGTAGC",TRUE
"AACTCAGTCTCAAGTG",TRUE
"AACTCAGTCTGAGTGT",TRUE
"AACTCCCCAGAAGCAC",TRUE
"AACTCCCGTGCTTCTC",TRUE
"AACTCCCGTTATTCTC",TRUE
"AACTCTTAGAGACTAT",TRUE
"AACTCTTAGAGGGATA",TRUE
"AACTCTTCAAAGTGCG",TRUE
"AACTCTTCAGCCACCA",TRUE
"AACTCTTGTAGGCTGA",TRUE
"AACTCTTGTCATGCAT",TRUE
"AACTCTTTCGTCTGCT",TRUE
"AACTCTTTCTGCAAGT",TRUE
"AACTGGTAGAGGTTGC",TRUE
"AACTGGTAGGCCATAG",TRUE
"AACTGGTAGTGTCCAT",TRUE
"AACTGGTCACCAGGTC",TRUE
"AACTGGTGTCCGAAGA",TRUE
"AACTGGTTCGATCCCT",TRUE
"AACTGGTTCGTCCGTT",TRUE
"AACTTTCCAACTGGCC",TRUE
"AACTTTCCAATGTAAG",TRUE
"AACTTTCCAGCCTTGG",TRUE
"AACTTTCGTATTCGTG",TRUE
"AACTTTCGTTACCGAT",TRUE
"AACTTTCTCACTCCTG",TRUE
"AACTTTCTCCGTACAA",TRUE
"AACTTTCTCGCAAACT",TRUE
"AAGACCTAGAAGATTC",TRUE
"AAGACCTAGAATAGGG",TRUE
"AAGACCTAGAGGTACC",TRUE
"AAGACCTCAACTGCTA",TRUE
"AAGACCTCACCTTGTC",TRUE
"AAGACCTCACTTCGAA",TRUE
"AAGACCTGTTGCGTTA",TRUE
"AAGACCTTCGGAAACG",TRUE
"AAGCCGCAGGAGTTGC",TRUE
"AAGCCGCAGGCTCAGA",TRUE
"AAGCCGCAGTGGTAGC",TRUE
"AAGCCGCCAGAGTGTG",TRUE
"AAGCCGCCAGGTCTCG",TRUE
"AAGCCGCGTAGCAAAT",TRUE
"AAGCCGCGTAGCTAAA",TRUE
"AAGCCGCGTTATCCGA",TRUE
"AAGCCGCTCAGTGTTG",TRUE
"AAGCCGCTCATCGGAT",TRUE
"AAGCCGCTCGGATGTT",TRUE
"AAGGAGCAGCGATATA",TRUE
"AAGGAGCAGGAATTAC",TRUE
"AAGGAGCAGTCTCGGC",TRUE
"AAGGAGCAGTGGTAAT",TRUE
"AAGGAGCAGTGGTCCC",TRUE
"AAGGAGCCAGATCGGA",TRUE
"AAGGAGCCATCCCATC",TRUE
"AAGGAGCGTACCATCA",TRUE
"AAGGCAGAGCTCCCAG",TRUE
"AAGGCAGAGCTGAAAT",TRUE
"AAGGCAGAGGCGTACA",TRUE
"AAGGCAGCACGGCTAC",TRUE
"AAGGCAGTCATGTGGT",TRUE
"AAGGCAGTCCACGAAT",TRUE
"AAGGCAGTCGCCTGAG",TRUE
"AAGGCAGTCGGCGCAT",TRUE
"AAGGTTCCAATTCCTT",TRUE
"AAGGTTCCACCAACCG",TRUE
"AAGGTTCCATGAAGTA",TRUE
"AAGGTTCGTAAGGGAA",TRUE
"AAGGTTCGTATGAATG",TRUE
"AAGGTTCGTTCACGGC",TRUE
"AAGGTTCTCCGTCATC",TRUE
"AAGGTTCTCTACGAGT",TRUE
"AAGGTTCTCTTACCGC",TRUE
"AAGGTTCTCTTGAGAC",TRUE
"AAGTCTGAGAACAACT",TRUE
"AAGTCTGAGAACAATC",TRUE
"AAGTCTGAGGCGCTCT",TRUE
"AAGTCTGCACATGGGA",TRUE
"AAGTCTGCAGTAAGAT",TRUE
"AAGTCTGCATACAGCT",TRUE
"AAGTCTGCATTCTCAT",TRUE
"AAGTCTGGTCGAGATG",TRUE
"AAGTCTGGTGTAATGA",TRUE
"AAGTCTGTCCGTTGTC",TRUE
"AAGTCTGTCGGCCGAT",TRUE
"AAGTCTGTCTACCAGA",TRUE
"AATCCAGAGGCTCATT",TRUE
"AATCCAGAGTCCCACG",TRUE
"AATCCAGCACAGACAG",TRUE
"AATCCAGCACCATCCT",TRUE
"AATCCAGCAGGAACGT",TRUE
"AATCCAGCAGGCGATA",TRUE
"AATCCAGCAGTGACAG",TRUE
"AATCCAGGTGGACGAT",TRUE
"AATCCAGTCCGGGTGT",TRUE
"AATCGGTAGCTCTCGG",TRUE
"AATCGGTAGTCCCACG",TRUE
"AATCGGTGTATGGTTC",TRUE
"AATCGGTGTCAAACTC",TRUE
"AATCGGTGTCTAGTCA",TRUE
"AATCGGTGTTTGACAC",TRUE
"ACACCAAAGTGGGTTG",TRUE
"ACACCAAAGTGGTCCC",TRUE
"ACACCAACACAGACTT",TRUE
"ACACCAACACGTGAGA",TRUE
"ACACCAAGTGTCAATC",TRUE
"ACACCAAGTTACGCGC",TRUE
"ACACCAATCAGATAAG",TRUE
"ACACCAATCCTATTCA",TRUE
"ACACCCTAGTTGAGTA",TRUE
"ACACCCTCAACACCTA",TRUE
"ACACCCTCACTACAGT",TRUE
"ACACCCTCATCCGCGA",TRUE
"ACACCCTTCACGACTA",TRUE
"ACACCGGGTTAGAACA",TRUE
"ACACCGGTCAATAAGG",TRUE
"ACACCGGTCTGTCTAT",TRUE
"ACACTGACAAACGCGA",TRUE
"ACACTGACATAAGACA",TRUE
"ACACTGACATGGATGG",TRUE
"ACACTGACATTGTGCA",TRUE
"ACACTGAGTGACCAAG",TRUE
"ACACTGAGTTCATGGT",TRUE
"ACACTGATCCACGCAG",TRUE
"ACACTGATCCCAACGG",TRUE
"ACACTGATCTTTACGT",TRUE
"ACAGCCGAGCTGGAAC",TRUE
"ACAGCCGCAGCTGCAC",TRUE
"ACAGCCGCAGGTCGTC",TRUE
"ACAGCCGTCCACGTTC",TRUE
"ACAGCCGTCCAGATCA",TRUE
"ACAGCCGTCCAGTATG",TRUE
"ACAGCCGTCTCCGGTT",TRUE
"ACAGCTAAGAACTCGG",TRUE
"ACAGCTAAGAGTTGGC",TRUE
"ACAGCTAAGGACATTA",TRUE
"ACAGCTACAGATCGGA",TRUE
"ACAGCTAGTAGAAGGA",TRUE
"ACAGCTAGTCCGAGTC",TRUE
"ACAGCTAGTGCCTGGT",TRUE
"ACAGCTAGTTCCAACA",TRUE
"ACAGCTATCTGTCAAG",TRUE
"ACATACGAGGAGTTGC",TRUE
"ACATACGAGGATGTAT",TRUE
"ACATACGAGTACGATA",TRUE
"ACATACGAGTATTGGA",TRUE
"ACATACGCAATAACGA",TRUE
"ACATACGCACGGTAGA",TRUE
"ACATACGCAGGGTACA",TRUE
"ACATACGGTCAGGACA",TRUE
"ACATACGTCACGGTTA",TRUE
"ACATACGTCAGAGACG",TRUE
"ACATACGTCCGAGCCA",TRUE
"ACATCAGAGCACCGTC",TRUE
"ACATCAGAGCCAACAG",TRUE
"ACATCAGAGGTGATAT",TRUE
"ACATCAGCACGACGAA",TRUE
"ACATCAGGTGATGTCT",TRUE
"ACATCAGGTTCAGCGC",TRUE
"ACATCAGTCGGCTACG",TRUE
"ACATGGTAGAAGAAGC",TRUE
"ACATGGTAGACTTTCG",TRUE
"ACATGGTCAGCCTGTG",TRUE
"ACATGGTCATCTCCCA",TRUE
"ACATGGTCATTCCTGC",TRUE
"ACATGGTGTAGTAGTA",TRUE
"ACATGGTGTTGGACCC",TRUE
"ACATGGTTCGGCTTGG",TRUE
"ACCAGTAAGAAAGTGG",TRUE
"ACCAGTAAGAGACTAT",TRUE
"ACCAGTAAGATCCGAG",TRUE
"ACCAGTACACAAGTAA",TRUE
"ACCAGTACAGGACCCT",TRUE
"ACCAGTACATGCTAGT",TRUE
"ACCAGTAGTCGCCATG",TRUE
"ACCAGTAGTGCCTGCA",TRUE
"ACCAGTAGTGTGCCTG",TRUE
"ACCAGTATCAGTTGAC",TRUE
"ACCCACTAGAATTGTG",TRUE
"ACCCACTAGATGCCTT",TRUE
"ACCCACTAGCGTGTCC",TRUE
"ACCCACTAGTACGCGA",TRUE
"ACCCACTGTACATCCA",TRUE
"ACCCACTGTTCAGTAC",TRUE
"ACCCACTTCGGTGTCG",TRUE
"ACCCACTTCTGCCCTA",TRUE
"ACCGTAAAGGCAGGTT",TRUE
"ACCGTAACAAGCCTAT",TRUE
"ACCGTAACAGAGTGTG",TRUE
"ACCGTAAGTGTCTGAT",TRUE
"ACCTTTAAGCTCAACT",TRUE
"ACCTTTAAGGGTCGAT",TRUE
"ACCTTTAAGTAGGCCA",TRUE
"ACCTTTACAAGCGCTC",TRUE
"ACCTTTACAGGGTACA",TRUE
"ACCTTTACATGGTAGG",TRUE
"ACCTTTACATTCTCAT",TRUE
"ACCTTTAGTCGATTGT",TRUE
"ACCTTTAGTGATGATA",TRUE
"ACCTTTATCAAGGTAA",TRUE
"ACGAGCCAGATCCCAT",TRUE
"ACGAGCCAGCAGATCG",TRUE
"ACGAGCCAGGGCTCTC",TRUE
"ACGAGCCAGTGACTCT",TRUE
"ACGAGCCAGTTGTCGT",TRUE
"ACGAGCCGTCGAGATG",TRUE
"ACGAGCCGTTCCACTC",TRUE
"ACGAGGAAGTGTACGG",TRUE
"ACGAGGAGTAAGGGCT",TRUE
"ACGAGGAGTATTCGTG",TRUE
"ACGAGGAGTTTGGCGC",TRUE
"ACGAGGATCAGGCAAG",TRUE
"ACGAGGATCGTTACAG",TRUE
"ACGATACAGATCCCAT",TRUE
"ACGATACCATTCTTAC",TRUE
"ACGATACGTCCAGTAT",TRUE
"ACGATACGTGCCTGCA",TRUE
"ACGATACGTTAAAGTG",TRUE
"ACGATACGTTCTGAAC",TRUE
"ACGATACGTTGGAGGT",TRUE
"ACGATACGTTTGACTG",TRUE
"ACGATACTCCTGTACC",TRUE
"ACGATGTAGAACTCGG",TRUE
"ACGATGTAGGGAAACA",TRUE
"ACGATGTCAAACTGCT",TRUE
"ACGATGTTCTTGACGA",TRUE
"ACGCAGCAGCGATGAC",TRUE
"ACGCAGCAGCTACCGC",TRUE
"ACGCAGCAGCTATGCT",TRUE
"ACGCAGCCATTGGGCC",TRUE
"ACGCAGCGTAAGGGAA",TRUE
"ACGCAGCGTAGCGTCC",TRUE
"ACGCAGCGTCCGAACC",TRUE
"ACGCAGCGTCTAGCCG",TRUE
"ACGCAGCTCGGGAGTA",TRUE
"ACGCCAGAGTGCTGCC",TRUE
"ACGCCAGCACCCATGG",TRUE
"ACGCCAGGTCATATGC",TRUE
"ACGCCAGGTTGGTAAA",TRUE
"ACGCCAGTCTTTAGGG",TRUE
"ACGCCGACACGTAAGG",TRUE
"ACGCCGACAGTAAGAT",TRUE
"ACGCCGACATCAGTCA",TRUE
"ACGCCGATCGAACTGT",TRUE
"ACGCCGATCTAACGGT",TRUE
"ACGCCGATCTTTCCTC",TRUE
"ACGGAGACAATCAGAA",TRUE
"ACGGAGACAATGCCAT",TRUE
"ACGGAGACATACTCTT",TRUE
"ACGGAGACATTACCTT",TRUE
"ACGGAGATCCAAACTG",TRUE
"ACGGAGATCGTTTAGG",TRUE
"ACGGCCAAGATCCCAT",TRUE
"ACGGCCAAGCAGGCTA",TRUE
"ACGGCCAAGTGGAGAA",TRUE
"ACGGCCACAAGACACG",TRUE
"ACGGCCACAAGACGTG",TRUE
"ACGGCCACACCTTGTC",TRUE
"ACGGCCAGTATAGGGC",TRUE
"ACGGCCAGTGGCGAAT",TRUE
"ACGGCCATCAACGAAA",TRUE
"ACGGGCTAGTGAACGC",TRUE
"ACGGGCTCAATGACCT",TRUE
"ACGGGCTCACCAACCG",TRUE
"ACGGGCTGTCAATACC",TRUE
"ACGGGCTGTGAGGGAG",TRUE
"ACGGGCTGTTCCATGA",TRUE
"ACGGGCTTCACAATGC",TRUE
"ACGGGCTTCACTCTTA",TRUE
"ACGGGCTTCGTTACAG",TRUE
"ACGGGTCAGAAGCCCA",TRUE
"ACGGGTCAGTAGGCCA",TRUE
"ACGGGTCAGTGAACAT",TRUE
"ACGGGTCGTATATGGA",TRUE
"ACGGGTCGTCGAACAG",TRUE
"ACGGGTCTCGAATGGG",TRUE
"ACGGGTCTCTCGATGA",TRUE
"ACGTCAAAGACCCACC",TRUE
"ACGTCAAAGTCGCCGT",TRUE
"ACGTCAAGTCATTAGC",TRUE
"ACGTCAATCATAAAGG",TRUE
"ACTATCTAGAAACGCC",TRUE
"ACTATCTAGATCCCGC",TRUE
"ACTATCTGTAGCGTAG",TRUE
"ACTATCTTCCAACCAA",TRUE
"ACTGAACAGGTGGGTT",TRUE
"ACTGAACAGTGCCATT",TRUE
"ACTGAACGTCCAGTAT",TRUE
"ACTGAACGTCGAGTTT",TRUE
"ACTGAACGTCTACCTC",TRUE
"ACTGAACGTGCCTGGT",TRUE
"ACTGAACTCCGCGGTA",TRUE
"ACTGAACTCCTGCTTG",TRUE
"ACTGAACTCCTTTCTC",TRUE
"ACTGAACTCGGAAACG",TRUE
"ACTGAACTCTTGCATT",TRUE
"ACTGAGTAGAAGCCCA",TRUE
"ACTGAGTAGCGACGTA",TRUE
"ACTGAGTAGTGATCGG",TRUE
"ACTGAGTCAGCTGCAC",TRUE
"ACTGAGTGTAAATGTG",TRUE
"ACTGAGTGTCGCTTTC",TRUE
"ACTGATGAGAATTCCC",TRUE
"ACTGATGAGATACACA",TRUE
"ACTGATGCACGACTCG",TRUE
"ACTGATGCAGTCTTCC",TRUE
"ACTGATGGTAAAGGAG",TRUE
"ACTGATGGTCTGCCAG",TRUE
"ACTGATGGTGCTTCTC",TRUE
"ACTGATGGTTAGATGA",TRUE
"ACTGATGTCACATGCA",TRUE
"ACTGATGTCCTCGCAT",TRUE
"ACTGATGTCCTGCAGG",TRUE
"ACTGCTCAGACAGGCT",TRUE
"ACTGCTCAGATGTGGC",TRUE
"ACTGCTCCAGACAGGT",TRUE
"ACTGCTCCAGTCAGAG",TRUE
"ACTGCTCCATACAGCT",TRUE
"ACTGCTCGTACGCACC",TRUE
"ACTGCTCGTATGAAAC",TRUE
"ACTGCTCTCAGCGACC",TRUE
"ACTGCTCTCGAGAACG",TRUE
"ACTGTCCAGTATTGGA",TRUE
"ACTGTCCCACGTCTCT",TRUE
"ACTGTCCGTGCACGAA",TRUE
"ACTGTCCGTGCAGACA",TRUE
"ACTGTCCTCTGTCCGT",TRUE
"ACTTACTAGAAACGAG",TRUE
"ACTTACTAGAGTACCG",TRUE
"ACTTACTAGATGCCTT",TRUE
"ACTTACTAGTAGGTGC",TRUE
"ACTTACTAGTTACGGG",TRUE
"ACTTACTCAAGTCTAC",TRUE
"ACTTGTTAGAGCTGCA",TRUE
"ACTTGTTAGAGTCTGG",TRUE
"ACTTGTTAGAGTTGGC",TRUE
"ACTTGTTAGCCCGAAA",TRUE
"ACTTGTTCAAATTGCC",TRUE
"ACTTGTTCAACTTGAC",TRUE
"ACTTGTTCACGGTAAG",TRUE
"ACTTGTTGTAAGTGGC",TRUE
"ACTTGTTTCGGCGCTA",TRUE
"ACTTTCACAAGTAGTA",TRUE
"ACTTTCACACAAGTAA",TRUE
"ACTTTCAGTCTTCGTC",TRUE
"ACTTTCATCTATCCCG",TRUE
"AGAATAGCACCTCGTT",TRUE
"AGAATAGGTAAACGCG",TRUE
"AGAATAGGTGGTTTCA",TRUE
"AGAATAGTCCTTTCTC",TRUE
"AGACGTTAGCTGCAAG",TRUE
"AGACGTTAGGCCCTCA",TRUE
"AGACGTTAGTCTTGCA",TRUE
"AGACGTTGTACACCGC",TRUE
"AGACGTTTCGTTTATC",TRUE
"AGAGCGAAGCGATAGC",TRUE
"AGAGCGAAGTCCAGGA",TRUE
"AGAGCGAAGTGCGTGA",TRUE
"AGAGCGAAGTGGAGTC",TRUE
"AGAGCGAAGTTGTCGT",TRUE
"AGAGCGACAAACCCAT",TRUE
"AGAGCGACAGATCGGA",TRUE
"AGAGCGACATCGGTTA",TRUE
"AGAGCGAGTATAATGG",TRUE
"AGAGCGAGTCAATACC",TRUE
"AGAGCGAGTCTTCAAG",TRUE
"AGAGCGAGTTCAGTAC",TRUE
"AGAGCGAGTTGGTAAA",TRUE
"AGAGCGATCAACACCA",TRUE
"AGAGCGATCACCTTAT",TRUE
"AGAGCGATCTGATACG",TRUE
"AGAGCGATCTTTCCTC",TRUE
"AGAGCTTAGAGACGAA",TRUE
"AGAGCTTAGCCCAGCT",TRUE
"AGAGCTTAGGTTACCT",TRUE
"AGAGCTTAGTATGACA",TRUE
"AGAGCTTCACTTGGAT",TRUE
"AGAGCTTCATGCAATC",TRUE
"AGAGCTTGTAGAGTGC",TRUE
"AGAGCTTGTTGATTCG",TRUE
"AGAGCTTTCAGCCTAA",TRUE
"AGAGCTTTCGGAGGTA",TRUE
"AGAGTGGAGAACAACT",TRUE
"AGAGTGGAGCCGTCGT",TRUE
"AGAGTGGCAGCTGTTA",TRUE
"AGAGTGGGTCAAAGAT",TRUE
"AGAGTGGGTCCGCTGA",TRUE
"AGAGTGGTCATTCACT",TRUE
"AGATCTGAGGGTATCG",TRUE
"AGATCTGCAGGACCCT",TRUE
"AGATCTGGTAGCCTAT",TRUE
"AGATCTGTCACGACTA",TRUE
"AGATCTGTCAGCAACT",TRUE
"AGATCTGTCTCGTATT",TRUE
"AGATCTGTCTGCTGTC",TRUE
"AGATTGCAGAGGTACC",TRUE
"AGATTGCAGCAGATCG",TRUE
"AGATTGCAGTCGTTTG",TRUE
"AGATTGCCAACTTGAC",TRUE
"AGATTGCCACATCCAA",TRUE
"AGATTGCCACTTAAGC",TRUE
"AGATTGCCATCCTAGA",TRUE
"AGATTGCCATTGCGGC",TRUE
"AGATTGCGTCCCTACT",TRUE
"AGATTGCGTCTACCTC",TRUE
"AGATTGCGTGGACGAT",TRUE
"AGATTGCGTGGTACAG",TRUE
"AGCAGCCAGATGTAAC",TRUE
"AGCAGCCAGCGAGAAA",TRUE
"AGCAGCCAGGGAAACA",TRUE
"AGCAGCCAGGTGCACA",TRUE
"AGCAGCCCAAGCGTAG",TRUE
"AGCAGCCCAAGTCTGT",TRUE
"AGCAGCCCACCAGATT",TRUE
"AGCAGCCCATAGTAAG",TRUE
"AGCAGCCGTAGGCTGA",TRUE
"AGCAGCCGTGCAGGTA",TRUE
"AGCAGCCTCGGGAGTA",TRUE
"AGCATACCAAGAAAGG",TRUE
"AGCATACCAAGTACCT",TRUE
"AGCATACCACCCTATC",TRUE
"AGCATACCATGTAGTC",TRUE
"AGCATACGTAGCACGA",TRUE
"AGCATACGTTCCACTC",TRUE
"AGCATACTCTATCCTA",TRUE
"AGCATACTCTCCCTGA",TRUE
"AGCCTAAAGAATAGGG",TRUE
"AGCCTAAAGTGGTCCC",TRUE
"AGCCTAACACTTACGA",TRUE
"AGCCTAAGTAAGTTCC",TRUE
"AGCCTAAGTCGCGTGT",TRUE
"AGCCTAAGTCTTCGTC",TRUE
"AGCCTAAGTGTGAAAT",TRUE
"AGCCTAAGTTGTGGAG",TRUE
"AGCCTAATCGTTTGCC",TRUE
"AGCGGTCCATCGATGT",TRUE
"AGCGGTCCATTAACCG",TRUE
"AGCGGTCGTAAGCACG",TRUE
"AGCGGTCGTCTGGAGA",TRUE
"AGCGGTCGTGCTAGCC",TRUE
"AGCGTATCAAAGAATC",TRUE
"AGCGTATCAATACGCT",TRUE
"AGCGTATCAGTGGGAT",TRUE
"AGCGTATCATACTACG",TRUE
"AGCGTATGTACTCAAC",TRUE
"AGCGTATTCCAAATGC",TRUE
"AGCGTATTCCGAATGT",TRUE
"AGCTCCTAGACACTAA",TRUE
"AGCTCCTAGCACAGGT",TRUE
"AGCTCCTCAACACCTA",TRUE
"AGCTCCTCAGCTTCGG",TRUE
"AGCTCCTCAGGGTACA",TRUE
"AGCTCCTGTACTCAAC",TRUE
"AGCTCCTGTTGTCTTT",TRUE
"AGCTCCTGTTTGTGTG",TRUE
"AGCTCCTTCACGCGGT",TRUE
"AGCTCTCAGACTGTAA",TRUE
"AGCTCTCGTAAATGAC",TRUE
"AGCTCTCGTACTTGAC",TRUE
"AGCTTGAAGCACACAG",TRUE
"AGCTTGACACTTAAGC",TRUE
"AGCTTGATCTGATTCT",TRUE
"AGGCCACAGAAGGCCT",TRUE
"AGGCCACAGATGGGTC",TRUE
"AGGCCACAGTACGTAA",TRUE
"AGGCCACTCACAGGCC",TRUE
"AGGCCGTAGTTCGCAT",TRUE
"AGGCCGTGTACATGTC",TRUE
"AGGCCGTGTCGAATCT",TRUE
"AGGCCGTGTTTGACTG",TRUE
"AGGCCGTTCGCTTAGA",TRUE
"AGGCCGTTCGGTCCGA",TRUE
"AGGCCGTTCTCGTTTA",TRUE
"AGGGAGTAGATGTAAC",TRUE
"AGGGAGTAGCGCTTAT",TRUE
"AGGGAGTAGGCTAGGT",TRUE
"AGGGAGTCAAGCTGAG",TRUE
"AGGGAGTCAGCCTGTG",TRUE
"AGGGAGTCATCACAAC",TRUE
"AGGGAGTGTCTAAACC",TRUE
"AGGGAGTTCAACGGGA",TRUE
"AGGGAGTTCGTTACGA",TRUE
"AGGGAGTTCTCATTCA",TRUE
"AGGGATGAGGCCCTCA",TRUE
"AGGGATGGTATCGCAT",TRUE
"AGGGATGGTCTGGTCG",TRUE
"AGGGATGTCTTGTATC",TRUE
"AGGGTGAAGAGACTTA",TRUE
"AGGGTGAAGATGCCAG",TRUE
"AGGGTGACAATAGAGT",TRUE
"AGGGTGACACCAGCAC",TRUE
"AGGGTGAGTAGAGCTG",TRUE
"AGGGTGATCCCACTTG",TRUE
"AGGGTGATCGCAGGCT",TRUE
"AGGTCATAGATCACGG",TRUE
"AGGTCATAGCAGGTCA",TRUE
"AGGTCATCACATAACC",TRUE
"AGGTCATCAGTATAAG",TRUE
"AGGTCATGTGCCTGTG",TRUE
"AGGTCATGTTATTCTC",TRUE
"AGGTCATTCGACAGCC",TRUE
"AGGTCATTCTTGCATT",TRUE
"AGGTCATTCTTGTACT",TRUE
"AGGTCCGAGATCCCGC",TRUE
"AGGTCCGAGGCAGTCA",TRUE
"AGGTCCGCACGAAGCA",TRUE
"AGGTCCGCACGAGGTA",TRUE
"AGGTCCGGTACCGTTA",TRUE
"AGGTCCGGTAGGCATG",TRUE
"AGGTCCGGTCGACTAT",TRUE
"AGGTCCGGTGCACCAC",TRUE
"AGGTCCGGTTATGTGC",TRUE
"AGGTCCGTCACTTATC",TRUE
"AGTAGTCAGAGGTTAT",TRUE
"AGTAGTCAGCTACCGC",TRUE
"AGTAGTCAGTGCGTGA",TRUE
"AGTAGTCCAAAGGTGC",TRUE
"AGTAGTCCATGCTAGT",TRUE
"AGTAGTCCATTTCACT",TRUE
"AGTAGTCCATTTCAGG",TRUE
"AGTAGTCTCGATAGAA",TRUE
"AGTAGTCTCTCAACTT",TRUE
"AGTCTTTAGATCCCGC",TRUE
"AGTCTTTAGTAACCCT",TRUE
"AGTCTTTAGTACACCT",TRUE
"AGTCTTTCACATTAGC",TRUE
"AGTCTTTCATCGGTTA",TRUE
"AGTCTTTTCCAAGCCG",TRUE
"AGTCTTTTCTCTGAGA",TRUE
"AGTGAGGAGTGCCATT",TRUE
"AGTGAGGCAAGTAGTA",TRUE
"AGTGAGGCATTAACCG",TRUE
"AGTGAGGGTAGCCTCG",TRUE
"AGTGAGGTCGATGAGG",TRUE
"AGTGAGGTCGTCCAGG",TRUE
"AGTGGGAAGCAGCCTC",TRUE
"AGTGGGAAGCGGATCA",TRUE
"AGTGGGAAGCTAGGCA",TRUE
"AGTGGGACAAGTTGTC",TRUE
"AGTGGGACAGCTGCAC",TRUE
"AGTGGGAGTAGCCTAT",TRUE
"AGTGGGAGTCGACTGC",TRUE
"AGTGGGAGTTTAAGCC",TRUE
"AGTGGGAGTTTCCACC",TRUE
"AGTGGGATCCTTAATC",TRUE
"AGTGGGATCTTGAGAC",TRUE
"AGTGTCAAGAATGTTG",TRUE
"AGTGTCAAGAATTCCC",TRUE
"AGTGTCAAGAGGGCTT",TRUE
"AGTGTCAAGCCACGTC",TRUE
"AGTGTCACACCGAATT",TRUE
"AGTGTCACACCTGGTG",TRUE
"AGTGTCACATACTACG",TRUE
"AGTGTCACATGCAACT",TRUE
"AGTGTCAGTAAGTTCC",TRUE
"AGTGTCAGTACTTCTT",TRUE
"AGTGTCAGTCTAGTGT",TRUE
"AGTGTCAGTGGGTCAA",TRUE
"AGTGTCATCAGTTCGA",TRUE
"AGTTGGTAGATCCCAT",TRUE
"AGTTGGTAGGACGAAA",TRUE
"AGTTGGTAGGATCGCA",TRUE
"AGTTGGTCAGGAATGC",TRUE
"AGTTGGTCATTTCAGG",TRUE
"AGTTGGTGTATGAATG",TRUE
"AGTTGGTGTGCCTGCA",TRUE
"AGTTGGTGTGGCGAAT",TRUE
"AGTTGGTTCACTTCAT",TRUE
"AGTTGGTTCAGCATGT",TRUE
"AGTTGGTTCCCGACTT",TRUE
"AGTTGGTTCGGACAAG",TRUE
"ATAACGCCAGTAAGCG",TRUE
"ATAACGCCATCTACGA",TRUE
"ATAACGCTCATAACCG",TRUE
"ATAAGAGAGCGGATCA",TRUE
"ATAAGAGAGGAGTTGC",TRUE
"ATAAGAGCACACCGAC",TRUE
"ATAAGAGCACAGACAG",TRUE
"ATAAGAGGTGAGGGAG",TRUE
"ATAAGAGTCAGGCCCA",TRUE
"ATAAGAGTCCCATTAT",TRUE
"ATAAGAGTCTTTAGGG",TRUE
"ATAGACCAGGACAGAA",TRUE
"ATAGACCAGGTAGCTG",TRUE
"ATAGACCAGTGTCCCG",TRUE
"ATAGACCTCAACACAC",TRUE
"ATAGACCTCAATAAGG",TRUE
"ATAGACCTCGTTACGA",TRUE
"ATAGACCTCTGCAAGT",TRUE
"ATCACGAAGTGGGTTG",TRUE
"ATCACGACAAGCTGTT",TRUE
"ATCACGACAGCCTTGG",TRUE
"ATCACGACAGTGACAG",TRUE
"ATCACGACATAAAGGT",TRUE
"ATCACGACATTTCACT",TRUE
"ATCACGAGTGGGTCAA",TRUE
"ATCACGAGTTGGGACA",TRUE
"ATCATCTAGAGTACAT",TRUE
"ATCATCTAGTGTACGG",TRUE
"ATCATCTGTAGGGACT",TRUE
"ATCATCTGTCCAGTTA",TRUE
"ATCATCTGTCGGCATC",TRUE
"ATCATCTGTTCACCTC",TRUE
"ATCATCTTCCAAGCCG",TRUE
"ATCATCTTCCTCGCAT",TRUE
"ATCATCTTCCTTTCTC",TRUE
"ATCATCTTCTCGCATC",TRUE
"ATCATGGCAAGCGCTC",TRUE
"ATCATGGCATGCCCGA",TRUE
"ATCATGGTCGCATGAT",TRUE
"ATCATGGTCGCTTAGA",TRUE
"ATCATGGTCGGAGGTA",TRUE
"ATCCACCAGATGCCAG",TRUE
"ATCCACCAGTATTGGA",TRUE
"ATCCACCCACATTCGA",TRUE
"ATCCACCGTCCAGTAT",TRUE
"ATCCACCGTGATGTCT",TRUE
"ATCCACCTCGGAAACG",TRUE
"ATCCACCTCGTTACAG",TRUE
"ATCCACCTCTATCCCG",TRUE
"ATCCACCTCTCCTATA",TRUE
"ATCCGAAAGGCTACGA",TRUE
"ATCCGAAAGGCTAGGT",TRUE
"ATCCGAACACTACAGT",TRUE
"ATCCGAACAGGACCCT",TRUE
"ATCCGAAGTTCTCATT",TRUE
"ATCCGAATCAGGCGAA",TRUE
"ATCCGAATCTCAACTT",TRUE
"ATCGAGTAGCACAGGT",TRUE
"ATCGAGTCAAATTGCC",TRUE
"ATCGAGTCATGAACCT",TRUE
"ATCGAGTCATGCGCAC",TRUE
"ATCGAGTGTCTCCATC",TRUE
"ATCGAGTTCCGAGCCA",TRUE
"ATCGAGTTCCTAAGTG",TRUE
"ATCGAGTTCGCCAGCA",TRUE
"ATCGAGTTCGTTTATC",TRUE
"ATCTACTAGATAGTCA",TRUE
"ATCTACTCATCGGTTA",TRUE
"ATCTACTCATCTCCCA",TRUE
"ATCTACTTCATCGGAT",TRUE
"ATCTACTTCCTAGAAC",TRUE
"ATCTACTTCTATCGCC",TRUE
"ATCTACTTCTGCGGCA",TRUE
"ATCTGCCAGTTCCACA",TRUE
"ATCTGCCCATGGTAGG",TRUE
"ATCTGCCGTCCGTGAC",TRUE
"ATCTGCCGTTCATGGT",TRUE
"ATCTGCCGTTGATTGC",TRUE
"ATCTGCCTCCATTCTA",TRUE
"ATCTGCCTCGGTGTTA",TRUE
"ATGAGGGCAATGAATG",TRUE
"ATGAGGGCAGGTTTCA",TRUE
"ATGAGGGGTCGACTGC",TRUE
"ATGCGATAGCGTCTAT",TRUE
"ATGCGATCACAACTGT",TRUE
"ATGCGATTCATAGCAC",TRUE
"ATGCGATTCCTGCTTG",TRUE
"ATGCGATTCTGCGTAA",TRUE
"ATGGGAGAGGGTTTCT",TRUE
"ATGGGAGAGGTAGCTG",TRUE
"ATGGGAGAGTCAAGGC",TRUE
"ATGGGAGCATCCGTGG",TRUE
"ATGGGAGGTAAGCACG",TRUE
"ATGGGAGGTGGTAACG",TRUE
"ATGGGAGTCGGCGCAT",TRUE
"ATGTGTGAGTACGTTC",TRUE
"ATGTGTGCACAGGCCT",TRUE
"ATGTGTGGTAGGCTGA",TRUE
"ATGTGTGGTGATAAGT",TRUE
"ATGTGTGTCAGTGTTG",TRUE
"ATGTGTGTCCAGAAGG",TRUE
"ATTACTCAGAATTCCC",TRUE
"ATTACTCAGGAATCGC",TRUE
"ATTACTCCACATAACC",TRUE
"ATTACTCGTAATTGGA",TRUE
"ATTACTCGTACCGAGA",TRUE
"ATTACTCGTACTTAGC",TRUE
"ATTACTCGTCCTAGCG",TRUE
"ATTACTCTCGGCTACG",TRUE
"ATTATCCCAGCCAATT",TRUE
"ATTATCCGTCTCTCGT",TRUE
"ATTATCCGTTAGTGGG",TRUE
"ATTATCCTCATACGGT",TRUE
"ATTCTACAGAAGCCCA",TRUE
"ATTCTACCAAGTCTAC",TRUE
"ATTCTACCAGATCTGT",TRUE
"ATTCTACGTCCCGACA",TRUE
"ATTCTACGTCGCTTCT",TRUE
"ATTCTACTCGTTTAGG",TRUE
"ATTGGACAGCGCTCCA",TRUE
"ATTGGACAGGAGCGTT",TRUE
"ATTGGACAGGCAGTCA",TRUE
"ATTGGACCAATGAAAC",TRUE
"ATTGGACCACGAGGTA",TRUE
"ATTGGACCAGCTTAAC",TRUE
"ATTGGACCAGGCAGTA",TRUE
"ATTGGACCATCCCACT",TRUE
"ATTGGACCATTCTTAC",TRUE
"ATTGGACGTAGGACAC",TRUE
"ATTGGACGTCATACTG",TRUE
"ATTGGACGTCGAATCT",TRUE
"ATTGGACGTGATGTCT",TRUE
"ATTGGACTCCCTCTTT",TRUE
"ATTGGACTCCGAGCCA",TRUE
"ATTGGACTCGGCATCG",TRUE
"ATTGGACTCTTACCGC",TRUE
"ATTGGTGAGACCGGAT",TRUE
"ATTGGTGGTACTCGCG",TRUE
"ATTGGTGGTCTTGCGG",TRUE
"ATTGGTGGTGTTAAGA",TRUE
"ATTGGTGTCACCTTAT",TRUE
"ATTGGTGTCCCAGGTG",TRUE
"ATTTCTGAGATCGGGT",TRUE
"ATTTCTGAGCAGCGTA",TRUE
"ATTTCTGAGCTGTCTA",TRUE
"ATTTCTGAGGACTGGT",TRUE
"ATTTCTGCACATGGGA",TRUE
"ATTTCTGCATGGTCAT",TRUE
"CAACCAAAGCGCCTCA",TRUE
"CAACCAACACACTGCG",TRUE
"CAACCAAGTCCGAACC",TRUE
"CAACCAAGTCGAGTTT",TRUE
"CAACCAAGTTCAACCA",TRUE
"CAACCAATCTTCCTTC",TRUE
"CAACCTCAGTCGATAA",TRUE
"CAACCTCAGTCGCCGT",TRUE
"CAACCTCCAGCAGTTT",TRUE
"CAACCTCCAGTACACT",TRUE
"CAACCTCGTAGCAAAT",TRUE
"CAACCTCGTTCAGGCC",TRUE
"CAACCTCTCTCTTGAT",TRUE
"CAACTAGAGACGCACA",TRUE
"CAACTAGAGCAAATCA",TRUE
"CAACTAGAGGACCACA",TRUE
"CAACTAGAGTACGACG",TRUE
"CAACTAGCAGCTCGAC",TRUE
"CAACTAGCAGGAATCG",TRUE
"CAACTAGCATTTCACT",TRUE
"CAACTAGGTTATGCGT",TRUE
"CAAGAAAAGCTGTCTA",TRUE
"CAAGAAAGTAAAGTCA",TRUE
"CAAGAAATCGCATGAT",TRUE
"CAAGATCCAGTTAACC",TRUE
"CAAGATCCATGGGACA",TRUE
"CAAGATCCATTAACCG",TRUE
"CAAGATCGTGTTGAGG",TRUE
"CAAGATCGTTACTGAC",TRUE
"CAAGATCGTTCGTCTC",TRUE
"CAAGATCGTTTACTCT",TRUE
"CAAGATCTCACTTACT",TRUE
"CAAGGCCAGAGGTTAT",TRUE
"CAAGGCCAGATCTGCT",TRUE
"CAAGGCCAGCCGATTT",TRUE
"CAAGGCCAGCTCCCAG",TRUE
"CAAGGCCAGGGTTTCT",TRUE
"CAAGGCCCACTGAAGG",TRUE
"CAAGGCCGTTAAGAAC",TRUE
"CAAGGCCTCAGGTAAA",TRUE
"CAAGGCCTCATAACCG",TRUE
"CAAGGCCTCCAATGGT",TRUE
"CAAGTTGAGAGACTAT",TRUE
"CAAGTTGAGCCACTAT",TRUE
"CAAGTTGAGTACGCGA",TRUE
"CAAGTTGCATCGTCGG",TRUE
"CAAGTTGGTAAGTGGC",TRUE
"CAAGTTGGTACTCGCG",TRUE
"CAAGTTGGTTTAGGAA",TRUE
"CAAGTTGTCAACCATG",TRUE
"CACAAACAGCACCGTC",TRUE
"CACAAACAGTACATGA",TRUE
"CACAAACCAAGAGTCG",TRUE
"CACAAACTCACATAGC",TRUE
"CACAAACTCCTTGACC",TRUE
"CACAAACTCGTCTGCT",TRUE
"CACAAACTCTCGCATC",TRUE
"CACAAACTCTTGAGGT",TRUE
"CACACAAAGCGATAGC",TRUE
"CACACAAAGTATCGAA",TRUE
"CACACAACACTACAGT",TRUE
"CACACAACATATACCG",TRUE
"CACACAAGTCTCAACA",TRUE
"CACACAAGTTCCGTCT",TRUE
"CACACAAGTTGGACCC",TRUE
"CACACAATCAACACAC",TRUE
"CACACAATCAATAAGG",TRUE
"CACACAATCTGTCTCG",TRUE
"CACACCTCATGCCACG",TRUE
"CACACCTGTAGGCTGA",TRUE
"CACACCTGTCTCGTTC",TRUE
"CACACTCAGCACACAG",TRUE
"CACACTCAGGAGTCTG",TRUE
"CACACTCCAAAGGAAG",TRUE
"CACACTCCATATGCTG",TRUE
"CACACTCGTGACTCAT",TRUE
"CACACTCGTGCATCTA",TRUE
"CACAGGCAGAAAGTGG",TRUE
"CACAGGCAGTACACCT",TRUE
"CACAGGCCACTGAAGG",TRUE
"CACAGGCCAGAGTGTG",TRUE
"CACAGGCGTACCGTAT",TRUE
"CACAGGCGTTCCGGCA",TRUE
"CACAGGCGTTGCCTCT",TRUE
"CACAGGCTCAGGCCCA",TRUE
"CACAGTAAGGGTGTGT",TRUE
"CACAGTACAAAGTGCG",TRUE
"CACAGTACACGGTGTC",TRUE
"CACAGTAGTCTCCATC",TRUE
"CACAGTATCATGCATG",TRUE
"CACAGTATCCCAGGTG",TRUE
"CACAGTATCTCCAACC",TRUE
"CACATAGAGGGCTTGA",TRUE
"CACATAGGTCTACCTC",TRUE
"CACATAGGTCTGCGGT",TRUE
"CACATAGTCAGCGATT",TRUE
"CACATTTAGGGTTTCT",TRUE
"CACATTTCAGCTCCGA",TRUE
"CACATTTTCAACCATG",TRUE
"CACATTTTCAATCACG",TRUE
"CACATTTTCACTTACT",TRUE
"CACATTTTCCAAAGTC",TRUE
"CACATTTTCGCTTAGA",TRUE
"CACATTTTCTCGATGA",TRUE
"CACATTTTCTCGTTTA",TRUE
"CACCACTAGAAGGACA",TRUE
"CACCACTAGGCTAGCA",TRUE
"CACCACTAGGGATGGG",TRUE
"CACCACTAGTATCGAA",TRUE
"CACCACTGTATGAAAC",TRUE
"CACCACTGTCACTGGC",TRUE
"CACCACTGTCTGATCA",TRUE
"CACCACTGTTCGGGCT",TRUE
"CACCACTTCCAAACTG",TRUE
"CACCACTTCCCGGATG",TRUE
"CACCACTTCTGTCCGT",TRUE
"CACCAGGAGCAATATG",TRUE
"CACCAGGCAAACCTAC",TRUE
"CACCAGGCATCCTAGA",TRUE
"CACCAGGGTGCAACTT",TRUE
"CACCAGGGTGGCTCCA",TRUE
"CACCAGGTCATACGGT",TRUE
"CACCAGGTCTGGTGTA",TRUE
"CACCTTGAGAGCCCAA",TRUE
"CACCTTGAGCGCCTCA",TRUE
"CACCTTGAGGAGTAGA",TRUE
"CACCTTGAGTGCTGCC",TRUE
"CACCTTGAGTGGGTTG",TRUE
"CACCTTGCACGGTGTC",TRUE
"CACCTTGGTTACTGAC",TRUE
"CACCTTGTCACAGGCC",TRUE
"CACCTTGTCAGCAACT",TRUE
"CACCTTGTCATGTAGC",TRUE
"CACCTTGTCTGCCCTA",TRUE
"CACTCCAAGCTTCGCG",TRUE
"CACTCCAGTCGCATAT",TRUE
"CACTCCAGTGGAAAGA",TRUE
"CACTCCAGTTATCGGT",TRUE
"CACTCCAGTTGTCTTT",TRUE
"CACTCCATCACCACCT",TRUE
"CACTCCATCCAAACAC",TRUE
"CACTCCATCGCCCTTA",TRUE
"CACTCCATCTACTTAC",TRUE
"CAGAATCAGCACAGGT",TRUE
"CAGAATCGTCTCTCTG",TRUE
"CAGAATCGTCTCTTAT",TRUE
"CAGAATCGTGCTGTAT",TRUE
"CAGAATCTCACTCTTA",TRUE
"CAGAATCTCCGGCACA",TRUE
"CAGAATCTCGCATGGC",TRUE
"CAGAATCTCGCGTAGC",TRUE
"CAGAGAGAGAATGTTG",TRUE
"CAGAGAGAGAGCTTCT",TRUE
"CAGAGAGAGCTAGTCT",TRUE
"CAGAGAGCAAAGTCAA",TRUE
"CAGAGAGCAGATGGGT",TRUE
"CAGAGAGCATTGAGCT",TRUE
"CAGAGAGGTCACACGC",TRUE
"CAGAGAGGTGAGTATA",TRUE
"CAGAGAGTCGGCGCAT",TRUE
"CAGAGAGTCTGATACG",TRUE
"CAGAGAGTCTGCGACG",TRUE
"CAGAGAGTCTGTCCGT",TRUE
"CAGATCAAGAGCAATT",TRUE
"CAGATCACAAGTAGTA",TRUE
"CAGATCACACTAGTAC",TRUE
"CAGATCAGTGTTGGGA",TRUE
"CAGATCATCAATCACG",TRUE
"CAGATCATCACTTATC",TRUE
"CAGATCATCCGTAGGC",TRUE
"CAGATCATCGAATGCT",TRUE
"CAGATCATCTATCCCG",TRUE
"CAGCAGCAGCAGCGTA",TRUE
"CAGCAGCAGGCTCATT",TRUE
"CAGCAGCCACGCTTTC",TRUE
"CAGCAGCGTAACGCGA",TRUE
"CAGCAGCGTATGAATG",TRUE
"CAGCAGCTCCGTAGGC",TRUE
"CAGCATAAGCCGTCGT",TRUE
"CAGCATACACGGCGTT",TRUE
"CAGCATACAGCGAACA",TRUE
"CAGCATAGTGGTGTAG",TRUE
"CAGCATATCCGTACAA",TRUE
"CAGCATATCGCGCCAA",TRUE
"CAGCATATCTACTATC",TRUE
"CAGCATATCTGCCAGG",TRUE
"CAGCCGAAGACGCACA",TRUE
"CAGCCGAAGACTACAA",TRUE
"CAGCCGAAGCAGCGTA",TRUE
"CAGCCGAAGCATGGCA",TRUE
"CAGCCGAAGGCCCGTT",TRUE
"CAGCCGAAGTCCGGTC",TRUE
"CAGCCGACACGTGAGA",TRUE
"CAGCCGACAGATTGCT",TRUE
"CAGCCGAGTCAAGCGA",TRUE
"CAGCCGAGTGCGATAG",TRUE
"CAGCCGAGTTCTGAAC",TRUE
"CAGCCGAGTTTGTTGG",TRUE
"CAGCCGATCACCATAG",TRUE
"CAGCCGATCGGAAATA",TRUE
"CAGCCGATCGGTGTTA",TRUE
"CAGCCGATCTTATCTG",TRUE
"CAGCGACCACGGTAGA",TRUE
"CAGCGACCATGTCCTC",TRUE
"CAGCGACGTACCGCTG",TRUE
"CAGCGACGTGCGATAG",TRUE
"CAGCGACTCCCTGACT",TRUE
"CAGCGACTCCTCGCAT",TRUE
"CAGCTAAAGAGTAATC",TRUE
"CAGCTAAAGGGTCGAT",TRUE
"CAGCTAACAAACTGCT",TRUE
"CAGCTAACACATGACT",TRUE
"CAGCTAACACCAACCG",TRUE
"CAGCTAAGTTAGGGTG",TRUE
"CAGCTAATCAAACCAC",TRUE
"CAGCTAATCACAGTAC",TRUE
"CAGCTAATCATCACCC",TRUE
"CAGCTGGAGAGCCTAG",TRUE
"CAGCTGGAGCCAGAAC",TRUE
"CAGCTGGAGGGATGGG",TRUE
"CAGCTGGAGGGTCGAT",TRUE
"CAGCTGGAGTAGATGT",TRUE
"CAGCTGGCAAGAAGAG",TRUE
"CAGCTGGCATACGCTA",TRUE
"CAGCTGGGTAATCACC",TRUE
"CAGCTGGTCAACTCTT",TRUE
"CAGCTGGTCGAACTGT",TRUE
"CAGGTGCAGAGGTTGC",TRUE
"CAGGTGCCAAACCCAT",TRUE
"CAGGTGCCACACATGT",TRUE
"CAGGTGCCATGAGCGA",TRUE
"CAGGTGCGTAAGGGAA",TRUE
"CAGGTGCGTAATCGTC",TRUE
"CAGGTGCGTAGGCTGA",TRUE
"CAGGTGCGTCCGAATT",TRUE
"CAGGTGCGTCTTGATG",TRUE
"CAGGTGCTCCCAAGAT",TRUE
"CAGGTGCTCCCTGACT",TRUE
"CAGGTGCTCTTTCCTC",TRUE
"CAGTAACAGAAACCGC",TRUE
"CAGTAACAGTGTTGAA",TRUE
"CAGTAACCAGTTAACC",TRUE
"CAGTAACCATGCTGGC",TRUE
"CAGTAACTCAGCGACC",TRUE
"CAGTCCTAGGACACCA",TRUE
"CAGTCCTAGTGTGGCA",TRUE
"CAGTCCTCACCGAAAG",TRUE
"CAGTCCTGTCCGAATT",TRUE
"CAGTCCTGTCTCATCC",TRUE
"CATATGGAGCTTTGGT",TRUE
"CATATGGAGGGAGTAA",TRUE
"CATATGGTCGTAGATC",TRUE
"CATATGGTCTTGCATT",TRUE
"CATATTCAGGCCGAAT",TRUE
"CATATTCCACGAAACG",TRUE
"CATATTCGTGTTGGGA",TRUE
"CATATTCTCGCATGGC",TRUE
"CATATTCTCGTCCAGG",TRUE
"CATCAAGAGATGTAAC",TRUE
"CATCAAGAGTACACCT",TRUE
"CATCAAGCAATTGCTG",TRUE
"CATCAAGCACCACGTG",TRUE
"CATCAAGCACGACTCG",TRUE
"CATCAAGCACTACAGT",TRUE
"CATCAAGCAGCTGTAT",TRUE
"CATCAAGCATCGATGT",TRUE
"CATCAAGGTCGCATCG",TRUE
"CATCAAGGTGCAGACA",TRUE
"CATCAAGTCCAAACAC",TRUE
"CATCAAGTCTGAGTGT",TRUE
"CATCAGAAGAACAATC",TRUE
"CATCAGAAGATCCGAG",TRUE
"CATCAGAAGTGTCCAT",TRUE
"CATCAGACAGATCCAT",TRUE
"CATCAGAGTCTTGTCC",TRUE
"CATCAGATCGTCTGAA",TRUE
"CATCAGATCTCGGACG",TRUE
"CATCAGATCTCTGCTG",TRUE
"CATCCACAGAGGTTGC",TRUE
"CATCCACAGAGTACCG",TRUE
"CATCCACAGCTATGCT",TRUE
"CATCCACAGGATGGAA",TRUE
"CATCCACAGGCCCTCA",TRUE
"CATCCACAGGGCTTCC",TRUE
"CATCCACAGGTAAACT",TRUE
"CATCCACCAAGCGTAG",TRUE
"CATCCACCACAGCCCA",TRUE
"CATCCACGTCATCCCT",TRUE
"CATCCACGTGAGTATA",TRUE
"CATCCACTCAGCTCTC",TRUE
"CATCCACTCTCTAAGG",TRUE
"CATCCACTCTGGTGTA",TRUE
"CATCGAAAGGGCTCTC",TRUE
"CATCGAACATACTACG",TRUE
"CATCGAAGTCATGCAT",TRUE
"CATCGAAGTCTGCAAT",TRUE
"CATCGAAGTGCATCTA",TRUE
"CATCGAAGTTAAGATG",TRUE
"CATCGAATCTTTACGT",TRUE
"CATCGAATCTTTAGGG",TRUE
"CATCGGGCAAGGTTCT",TRUE
"CATCGGGCATTGGCGC",TRUE
"CATGACAAGAGCTGGT",TRUE
"CATGACAAGTATCGAA",TRUE
"CATGACAGTCTAACGT",TRUE
"CATGCCTAGAGGTTAT",TRUE
"CATGCCTCATCCCATC",TRUE
"CATGCCTCATGCCCGA",TRUE
"CATGCCTGTCCTAGCG",TRUE
"CATGCCTGTCGAGTTT",TRUE
"CATGCCTGTCGCTTTC",TRUE
"CATGGCGAGAGTACCG",TRUE
"CATGGCGAGGCTATCT",TRUE
"CATGGCGAGGGCACTA",TRUE
"CATGGCGGTCCAGTGC",TRUE
"CATGGCGGTTGGGACA",TRUE
"CATGGCGTCAGCTTAG",TRUE
"CATTATCAGCTGAACG",TRUE
"CATTATCAGGACATTA",TRUE
"CATTATCAGGCTACGA",TRUE
"CATTATCAGGTGCTAG",TRUE
"CATTATCAGTGTACTC",TRUE
"CATTATCCAACTGCGC",TRUE
"CATTATCCACATGACT",TRUE
"CATTATCCAGCCAATT",TRUE
"CATTATCCAGGACCCT",TRUE
"CATTATCCATGTAAGA",TRUE
"CATTATCGTAAGTTCC",TRUE
"CATTATCGTTGTCTTT",TRUE
"CATTATCTCAGGCCCA",TRUE
"CATTATCTCCACGAAT",TRUE
"CATTCGCAGAGGTACC",TRUE
"CATTCGCCAGCCACCA",TRUE
"CATTCGCGTCTAGCGC",TRUE
"CATTCGCGTCTCTTAT",TRUE
"CATTCGCTCCCTTGCA",TRUE
"CATTCGCTCGTACGGC",TRUE
"CCAATCCAGAGGTTAT",TRUE
"CCAATCCAGATGTGTA",TRUE
"CCAATCCGTAAGAGAG",TRUE
"CCAATCCGTACTCAAC",TRUE
"CCAATCCGTCTGCGGT",TRUE
"CCAATCCGTGACTACT",TRUE
"CCAATCCTCATAGCAC",TRUE
"CCAATCCTCCAGGGCT",TRUE
"CCACCTAAGCGTTTAC",TRUE
"CCACCTACAAGCTGTT",TRUE
"CCACCTACAGAGCCAA",TRUE
"CCACCTACATGTCTCC",TRUE
"CCACCTAGTAGTAGTA",TRUE
"CCACCTAGTGTAACGG",TRUE
"CCACCTATCCTTAATC",TRUE
"CCACGGAAGCAGATCG",TRUE
"CCACGGACATCAGTCA",TRUE
"CCACGGAGTAACGACG",TRUE
"CCACGGAGTGCGAAAC",TRUE
"CCACGGAGTGGGTCAA",TRUE
"CCACGGATCAACGGCC",TRUE
"CCACGGATCGCTAGCG",TRUE
"CCACTACAGTGGTCCC",TRUE
"CCACTACCAAGACACG",TRUE
"CCACTACCACCTCGTT",TRUE
"CCACTACGTGTTGGGA",TRUE
"CCACTACTCTAACTGG",TRUE
"CCAGCGAAGATCCTGT",TRUE
"CCAGCGAAGATGTGGC",TRUE
"CCAGCGAAGCCACTAT",TRUE
"CCAGCGAAGCGTGAGT",TRUE
"CCAGCGAAGCTATGCT",TRUE
"CCAGCGAAGCTGCCCA",TRUE
"CCAGCGAAGTGTCCCG",TRUE
"CCAGCGACATCGACGC",TRUE
"CCAGCGAGTGACGGTA",TRUE
"CCAGCGAGTGATGATA",TRUE
"CCAGCGATCCAAGTAC",TRUE
"CCATGTCAGAGTTGGC",TRUE
"CCATGTCCACTAAGTC",TRUE
"CCATGTCCAGGCGATA",TRUE
"CCATGTCGTAGGGTAC",TRUE
"CCATGTCGTATCACCA",TRUE
"CCATGTCGTCTAGCCG",TRUE
"CCATGTCGTGGTACAG",TRUE
"CCATGTCGTTTGGCGC",TRUE
"CCATGTCTCATCTGCC",TRUE
"CCATGTCTCGATCCCT",TRUE
"CCATGTCTCGGATGGA",TRUE
"CCATGTCTCGGCCGAT",TRUE
"CCATTCGAGCACAGGT",TRUE
"CCATTCGAGGAGTACC",TRUE
"CCATTCGCAAATTGCC",TRUE
"CCATTCGCAGAGTGTG",TRUE
"CCATTCGGTTACAGAA",TRUE
"CCATTCGTCAGCTTAG",TRUE
"CCATTCGTCATCGGAT",TRUE
"CCCAATCAGTCAAGCG",TRUE
"CCCAATCAGTTGTCGT",TRUE
"CCCAATCCACGAAAGC",TRUE
"CCCAATCGTGTTGAGG",TRUE
"CCCAATCGTGTTTGTG",TRUE
"CCCAATCGTTCCATGA",TRUE
"CCCAATCGTTCCGGCA",TRUE
"CCCAGTTAGTCTCGGC",TRUE
"CCCAGTTGTAGCGCTC",TRUE
"CCCAGTTGTTACCGAT",TRUE
"CCCAGTTTCTAACCGA",TRUE
"CCCTCCTAGGATGGTC",TRUE
"CCCTCCTAGGTGCACA",TRUE
"CCCTCCTCAACGATGG",TRUE
"CCCTCCTCATGCCCGA",TRUE
"CCGGGATAGTAGATGT",TRUE
"CCGGGATCACGAAAGC",TRUE
"CCGGGATCAGTCTTCC",TRUE
"CCGGGATGTGCCTTGG",TRUE
"CCGGGATGTTATCGGT",TRUE
"CCGGTAGAGGGCACTA",TRUE
"CCGGTAGAGTCCTCCT",TRUE
"CCGGTAGCAAAGCGGT",TRUE
"CCGGTAGCACCTATCC",TRUE
"CCGGTAGCATTCACTT",TRUE
"CCGGTAGGTAATCGTC",TRUE
"CCGGTAGGTGCAACGA",TRUE
"CCGGTAGGTTTCCACC",TRUE
"CCGGTAGTCAGTTAGC",TRUE
"CCGGTAGTCCTTTCTC",TRUE
"CCGGTAGTCTAACGGT",TRUE
"CCGGTAGTCTGGGCCA",TRUE
"CCGGTAGTCTTTCCTC",TRUE
"CCGTACTAGAGTAATC",TRUE
"CCGTACTAGGCCCTCA",TRUE
"CCGTACTCAATCCGAT",TRUE
"CCGTACTCACTTAACG",TRUE
"CCGTACTTCAGAGACG",TRUE
"CCGTACTTCTCTGTCG",TRUE
"CCGTGGAAGACCGGAT",TRUE
"CCGTGGAAGCTCCCAG",TRUE
"CCGTGGACACTAAGTC",TRUE
"CCGTGGAGTACCGCTG",TRUE
"CCGTGGATCATCTGTT",TRUE
"CCGTGGATCATGCAAC",TRUE
"CCGTGGATCGACCAGC",TRUE
"CCGTGGATCTTGCAAG",TRUE
"CCGTGGATCTTGCCGT",TRUE
"CCGTTCAAGCAGATCG",TRUE
"CCGTTCAAGGGCACTA",TRUE
"CCGTTCACAAAGGCGT",TRUE
"CCGTTCAGTAATTGGA",TRUE
"CCGTTCAGTCTCCACT",TRUE
"CCGTTCATCAGAGCTT",TRUE
"CCGTTCATCGTATCAG",TRUE
"CCGTTCATCTTGACGA",TRUE
"CCTAAAGCACGCTTTC",TRUE
"CCTAAAGCATTTGCTT",TRUE
"CCTAAAGGTCTTGTCC",TRUE
"CCTAAAGTCCGTAGTA",TRUE
"CCTAAAGTCGTAGATC",TRUE
"CCTAAAGTCTAACGGT",TRUE
"CCTACACAGGGAACGG",TRUE
"CCTACACAGGGCTCTC",TRUE
"CCTACACAGTAGCGGT",TRUE
"CCTACACCACTGTGTA",TRUE
"CCTACACTCCTCGCAT",TRUE
"CCTACCAAGAGGTTAT",TRUE
"CCTACCAAGGGTGTGT",TRUE
"CCTACCACAACGCACC",TRUE
"CCTACCACATAAAGGT",TRUE
"CCTACCAGTTGTCTTT",TRUE
"CCTACCATCGGCATCG",TRUE
"CCTAGCTAGAGCTGCA",TRUE
"CCTAGCTAGGCATTGG",TRUE
"CCTAGCTCATCATCCC",TRUE
"CCTAGCTGTTACGGAG",TRUE
"CCTAGCTTCAACCAAC",TRUE
"CCTAGCTTCACTATTC",TRUE
"CCTAGCTTCCGCGGTA",TRUE
"CCTATTAAGATGGCGT",TRUE
"CCTATTAAGTCGCCGT",TRUE
"CCTATTAGTTCCTCCA",TRUE
"CCTATTATCCTTGCCA",TRUE
"CCTCAGTAGACGCTTT",TRUE
"CCTCAGTAGGCATTGG",TRUE
"CCTCAGTAGTGTGAAT",TRUE
"CCTCAGTCACTGTTAG",TRUE
"CCTCAGTGTATAGGGC",TRUE
"CCTCAGTTCAAGGCTT",TRUE
"CCTCAGTTCCAACCAA",TRUE
"CCTCTGAAGAGAACAG",TRUE
"CCTCTGAAGCTACCGC",TRUE
"CCTCTGAAGTGATCGG",TRUE
"CCTCTGAGTGATAAAC",TRUE
"CCTCTGAGTGTGCGTC",TRUE
"CCTCTGATCTGATTCT",TRUE
"CCTTACGAGAGCAATT",TRUE
"CCTTACGCATGTAAGA",TRUE
"CCTTACGGTATATGAG",TRUE
"CCTTACGGTGTTCTTT",TRUE
"CCTTACGGTTGAGGTG",TRUE
"CCTTACGTCGCGATCG",TRUE
"CCTTACGTCTGTCAAG",TRUE
"CCTTCCCAGCCGGTAA",TRUE
"CCTTCCCCAAGCGCTC",TRUE
"CCTTCCCCACATAACC",TRUE
"CCTTCCCGTCTGGTCG",TRUE
"CCTTCCCGTGTAACGG",TRUE
"CCTTCCCGTGTCGCTG",TRUE
"CCTTCCCTCCTTCAAT",TRUE
"CCTTCGAAGAGCAATT",TRUE
"CCTTCGAAGCGGATCA",TRUE
"CCTTCGAAGCTGAAAT",TRUE
"CCTTCGAAGGGAAACA",TRUE
"CCTTCGAGTAGCGTAG",TRUE
"CCTTTCTCAAGCTGTT",TRUE
"CCTTTCTCAAGGACTG",TRUE
"CCTTTCTGTATTACCG",TRUE
"CCTTTCTGTGCGATAG",TRUE
"CCTTTCTTCAACGAAA",TRUE
"CCTTTCTTCACATGCA",TRUE
"CCTTTCTTCAGGCAAG",TRUE
"CGAACATAGCAGATCG",TRUE
"CGAACATAGCCTCGTG",TRUE
"CGAACATAGTGCAAGC",TRUE
"CGAACATCAATACGCT",TRUE
"CGAACATCACGAAAGC",TRUE
"CGAACATCATACGCTA",TRUE
"CGAACATTCAAGATCC",TRUE
"CGAATGTAGCTAGCCC",TRUE
"CGAATGTCACGAAATA",TRUE
"CGAATGTGTAACGCGA",TRUE
"CGAATGTGTAGGCTGA",TRUE
"CGAATGTTCAGCACAT",TRUE
"CGAATGTTCCGCGTTT",TRUE
"CGAATGTTCTCTTATG",TRUE
"CGACCTTAGGACCACA",TRUE
"CGACCTTAGGGTATCG",TRUE
"CGACCTTCACCCAGTG",TRUE
"CGACCTTCAGAAGCAC",TRUE
"CGACCTTCAGCTGTGC",TRUE
"CGACCTTGTATAAACG",TRUE
"CGACCTTGTGTGGCTC",TRUE
"CGACTTCAGATGTTAG",TRUE
"CGACTTCAGCACCGTC",TRUE
"CGACTTCAGGATCGCA",TRUE
"CGACTTCCAATCTACG",TRUE
"CGACTTCCAGCCTATA",TRUE
"CGACTTCTCACTCCTG",TRUE
"CGACTTCTCGCTTGTC",TRUE
"CGACTTCTCTGCGACG",TRUE
"CGAGAAGAGTGCAAGC",TRUE
"CGAGAAGCAAGAAGAG",TRUE
"CGAGAAGCAATGACCT",TRUE
"CGAGAAGCACAGACTT",TRUE
"CGAGAAGCAGTCAGCC",TRUE
"CGAGAAGGTCGCATAT",TRUE
"CGAGAAGTCATTGCGA",TRUE
"CGAGCACAGACAATAC",TRUE
"CGAGCACCACCACGTG",TRUE
"CGAGCACCATTAGCCA",TRUE
"CGAGCACGTGCCTTGG",TRUE
"CGAGCACTCGGTTAAC",TRUE
"CGAGCCAAGACTGTAA",TRUE
"CGAGCCAAGGTGCTTT",TRUE
"CGAGCCACAAAGGCGT",TRUE
"CGAGCCACAAGCCGCT",TRUE
"CGAGCCACAATGTAAG",TRUE
"CGAGCCACATCGGTTA",TRUE
"CGAGCCACATGGTTGT",TRUE
"CGAGCCAGTAGTAGTA",TRUE
"CGAGCCAGTCGCGGTT",TRUE
"CGAGCCAGTGGACGAT",TRUE
"CGAGCCAGTTAAGGGC",TRUE
"CGAGCCATCACATACG",TRUE
"CGATCGGAGCTACCGC",TRUE
"CGATCGGCACATGTGT",TRUE
"CGATCGGCATTGGTAC",TRUE
"CGATCGGGTACGACCC",TRUE
"CGATCGGTCGAGCCCA",TRUE
"CGATGGCAGTACGATA",TRUE
"CGATGGCCAAACAACA",TRUE
"CGATGGCCATTGGGCC",TRUE
"CGATGGCGTGCACCAC",TRUE
"CGATGGCTCAACACCA",TRUE
"CGATGGCTCACCCTCA",TRUE
"CGATGGCTCCTATGTT",TRUE
"CGATGGCTCCTTGACC",TRUE
"CGATGTAAGAGCCCAA",TRUE
"CGATGTAAGCGTTGCC",TRUE
"CGATGTACACGTTGGC",TRUE
"CGATGTACAGTAACGG",TRUE
"CGATGTATCCGGGTGT",TRUE
"CGATGTATCCTAGAAC",TRUE
"CGATGTATCGATGAGG",TRUE
"CGATGTATCTGACCTC",TRUE
"CGATGTATCTGCCAGG",TRUE
"CGATTGAAGAAGATTC",TRUE
"CGATTGACAGATCCAT",TRUE
"CGATTGAGTCGTCTTC",TRUE
"CGATTGATCCAGTAGT",TRUE
"CGCCAAGAGCTGTCTA",TRUE
"CGCCAAGCAAGCTGAG",TRUE
"CGCCAAGCATTCCTGC",TRUE
"CGCCAAGGTCCGAAGA",TRUE
"CGCCAAGTCGAATCCA",TRUE
"CGCGGTAAGCGCTCCA",TRUE
"CGCGGTACAAGTCTAC",TRUE
"CGCGGTACACTTCTGC",TRUE
"CGCGGTACATCTGGTA",TRUE
"CGCGGTACATGAGCGA",TRUE
"CGCGGTAGTACGACCC",TRUE
"CGCGGTAGTCCAACTA",TRUE
"CGCGGTAGTCGGCACT",TRUE
"CGCGGTATCAACGGGA",TRUE
"CGCGGTATCTCGCATC",TRUE
"CGCGTTTAGTACGTTC",TRUE
"CGCGTTTCAATAGAGT",TRUE
"CGCGTTTCACGTTGGC",TRUE
"CGCGTTTCAGACAGGT",TRUE
"CGCGTTTCATAGGATA",TRUE
"CGCGTTTCATGTAGTC",TRUE
"CGCGTTTGTCGCATAT",TRUE
"CGCGTTTGTCTGATCA",TRUE
"CGCTATCAGATAGTCA",TRUE
"CGCTATCCAAACCCAT",TRUE
"CGCTATCCAAGCCATT",TRUE
"CGCTATCTCGAACTGT",TRUE
"CGCTGGACATGACGGA",TRUE
"CGCTGGAGTCACTTCC",TRUE
"CGCTGGAGTTCACGGC",TRUE
"CGCTGGATCAAACCGT",TRUE
"CGCTGGATCGATAGAA",TRUE
"CGCTGGATCTGCGACG",TRUE
"CGCTTCAAGCTGTTCA",TRUE
"CGCTTCACACATGACT",TRUE
"CGCTTCACACCAGGCT",TRUE
"CGCTTCATCCTGCAGG",TRUE
"CGCTTCATCGAGGTAG",TRUE
"CGGACACAGACCTAGG",TRUE
"CGGACACAGCTGTTCA",TRUE
"CGGACACCACATCCAA",TRUE
"CGGACACCAGCTTCGG",TRUE
"CGGACACCAGGATTGG",TRUE
"CGGACACCAGTTAACC",TRUE
"CGGACACGTGCTCTTC",TRUE
"CGGACACTCCGCATCT",TRUE
"CGGACGTAGATGTGTA",TRUE
"CGGACGTCAAGCTGTT",TRUE
"CGGACGTGTCGCTTCT",TRUE
"CGGACGTTCACAAACC",TRUE
"CGGACGTTCGCGTAGC",TRUE
"CGGACGTTCTGAAAGA",TRUE
"CGGACTGAGGCCGAAT",TRUE
"CGGACTGAGTCCGTAT",TRUE
"CGGACTGCAGATCTGT",TRUE
"CGGACTGCAGCTGTAT",TRUE
"CGGACTGCATGCGCAC",TRUE
"CGGACTGGTCATGCAT",TRUE
"CGGACTGTCCGTTGCT",TRUE
"CGGACTGTCGGCTACG",TRUE
"CGGACTGTCGGTGTTA",TRUE
"CGGACTGTCTACCAGA",TRUE
"CGGAGCTAGATATGGT",TRUE
"CGGAGCTAGATCCGAG",TRUE
"CGGAGCTCACGAAACG",TRUE
"CGGAGCTGTTAGAACA",TRUE
"CGGAGCTTCTATCGCC",TRUE
"CGGAGTCAGCTAGTTC",TRUE
"CGGAGTCAGGGCTTGA",TRUE
"CGGAGTCCAAACCTAC",TRUE
"CGGAGTCCACATAACC",TRUE
"CGGAGTCGTACAGACG",TRUE
"CGGAGTCTCTCAACTT",TRUE
"CGGAGTCTCTTACCTA",TRUE
"CGGCTAGAGAGTCGGT",TRUE
"CGGCTAGAGGCAAAGA",TRUE
"CGGCTAGAGGTAAACT",TRUE
"CGGCTAGCACTGTCGG",TRUE
"CGGCTAGCATCACGAT",TRUE
"CGGCTAGTCCAAACAC",TRUE
"CGGGTCAAGCGCCTCA",TRUE
"CGGGTCAAGGTAAACT",TRUE
"CGGGTCACAAGCCCAC",TRUE
"CGGGTCACAGCGAACA",TRUE
"CGGGTCAGTCAGAGGT",TRUE
"CGGGTCATCGTTACGA",TRUE
"CGGTTAAGTATGCTTG",TRUE
"CGGTTAAGTCACTGGC",TRUE
"CGGTTAAGTTCCTCCA",TRUE
"CGTAGCGAGATGCCTT",TRUE
"CGTAGCGAGCCGCCTA",TRUE
"CGTAGCGCACTTGGAT",TRUE
"CGTAGCGCAGACTCGC",TRUE
"CGTAGCGTCTCGATGA",TRUE
"CGTAGCGTCTGCGACG",TRUE
"CGTAGCGTCTTGAGAC",TRUE
"CGTAGGCAGTACGTAA",TRUE
"CGTAGGCCAAAGTGCG",TRUE
"CGTAGGCGTACATGTC",TRUE
"CGTAGGCGTTCACGGC",TRUE
"CGTAGGCTCCGAAGAG",TRUE
"CGTAGGCTCCTCAATT",TRUE
"CGTCACTAGCCTTGAT",TRUE
"CGTCACTCAAGTCTGT",TRUE
"CGTCACTCATCTCGCT",TRUE
"CGTCACTGTAGAGCTG",TRUE
"CGTCACTTCCGTCATC",TRUE
"CGTCACTTCGCCAAAT",TRUE
"CGTCAGGAGAATAGGG",TRUE
"CGTCAGGAGGGCTTGA",TRUE
"CGTCAGGAGTCGTACT",TRUE
"CGTCAGGCAAAGTCAA",TRUE
"CGTCAGGCAAGCTGAG",TRUE
"CGTCAGGGTAGGACAC",TRUE
"CGTCAGGGTCACTGGC",TRUE
"CGTCAGGGTCGGGTCT",TRUE
"CGTCAGGTCGTTACAG",TRUE
"CGTCCATAGAATGTGT",TRUE
"CGTCCATAGCGTCTAT",TRUE
"CGTCCATAGCTGCAAG",TRUE
"CGTCCATAGTCTCGGC",TRUE
"CGTCCATAGTGGACGT",TRUE
"CGTCCATAGTGGTAGC",TRUE
"CGTCCATAGTTAACGA",TRUE
"CGTCCATGTGGTGTAG",TRUE
"CGTCCATGTTCATGGT",TRUE
"CGTCCATGTTCCGTCT",TRUE
"CGTCCATTCCGGGTGT",TRUE
"CGTCCATTCTTATCTG",TRUE
"CGTCTACAGTAGTGCG",TRUE
"CGTCTACCACACCGAC",TRUE
"CGTCTACCATGGTCAT",TRUE
"CGTCTACGTAGAGGAA",TRUE
"CGTCTACTCCTTGACC",TRUE
"CGTCTACTCTCCAACC",TRUE
"CGTCTACTCTGTTTGT",TRUE
"CGTCTACTCTTGGGTA",TRUE
"CGTGAGCAGCGATTCT",TRUE
"CGTGAGCAGCTCAACT",TRUE
"CGTGAGCAGTACCGGA",TRUE
"CGTGAGCAGTTTGCGT",TRUE
"CGTGAGCTCTGCTGCT",TRUE
"CGTGTAAAGCCGTCGT",TRUE
"CGTGTAAAGGGATGGG",TRUE
"CGTGTAACATGGGAAC",TRUE
"CGTGTCTAGCTCCCAG",TRUE
"CGTGTCTAGGCTAGAC",TRUE
"CGTGTCTCAGCTTAAC",TRUE
"CGTGTCTGTAAATACG",TRUE
"CGTGTCTGTCATGCCG",TRUE
"CGTGTCTGTGATAAAC",TRUE
"CGTGTCTGTTATGTGC",TRUE
"CGTGTCTGTTCAGTAC",TRUE
"CGTGTCTTCCGTAGGC",TRUE
"CGTTAGAAGAAACCGC",TRUE
"CGTTAGAAGCCGATTT",TRUE
"CGTTAGACAAAGCAAT",TRUE
"CGTTAGACAGCGTAAG",TRUE
"CGTTAGACATCCTTGC",TRUE
"CGTTAGAGTCGAGATG",TRUE
"CGTTAGATCACTGGGC",TRUE
"CGTTAGATCCGTTGCT",TRUE
"CGTTCTGAGAAGAAGC",TRUE
"CGTTCTGAGCGATAGC",TRUE
"CGTTCTGAGTGGGATC",TRUE
"CGTTCTGAGTGGGTTG",TRUE
"CGTTCTGCAGAAGCAC",TRUE
"CGTTCTGCAGATCCAT",TRUE
"CGTTCTGCAGGGATTG",TRUE
"CGTTCTGCATCCAACA",TRUE
"CGTTCTGTCCTAGGGC",TRUE
"CGTTCTGTCGAATCCA",TRUE
"CGTTGGGAGGCCCGTT",TRUE
"CGTTGGGAGTGCAAGC",TRUE
"CGTTGGGCACCGAAAG",TRUE
"CGTTGGGCATTACCTT",TRUE
"CGTTGGGGTAGCAAAT",TRUE
"CGTTGGGGTCAATGTC",TRUE
"CGTTGGGGTGCTAGCC",TRUE
"CGTTGGGTCACCAGGC",TRUE
"CGTTGGGTCACGGTTA",TRUE
"CGTTGGGTCGCTGATA",TRUE
"CGTTGGGTCTTGAGAC",TRUE
"CTAACTTAGCGATATA",TRUE
"CTAACTTCAATGAATG",TRUE
"CTAACTTGTAGGAGTC",TRUE
"CTAACTTGTTTAGGAA",TRUE
"CTAACTTTCAACGGCC",TRUE
"CTAACTTTCCTCAATT",TRUE
"CTAAGACAGTAGGCCA",TRUE
"CTAAGACCATACCATG",TRUE
"CTAAGACTCAAACCAC",TRUE
"CTAAGACTCATTATCC",TRUE
"CTAAGACTCCCTAACC",TRUE
"CTAAGACTCTCACATT",TRUE
"CTAAGACTCTTCTGGC",TRUE
"CTAATGGAGACTGGGT",TRUE
"CTAATGGAGGGTGTGT",TRUE
"CTAATGGCAACTTGAC",TRUE
"CTAATGGCAAGGACTG",TRUE
"CTAATGGCACGTGAGA",TRUE
"CTAATGGCAGCTGTAT",TRUE
"CTAATGGGTCCGAAGA",TRUE
"CTAATGGGTCTCATCC",TRUE
"CTAATGGTCACCAGGC",TRUE
"CTAATGGTCATGCATG",TRUE
"CTAATGGTCCTAGGGC",TRUE
"CTACACCAGACAGAGA",TRUE
"CTACACCAGACCGGAT",TRUE
"CTACACCAGGTACTCT",TRUE
"CTACACCAGTGCGATG",TRUE
"CTACACCCAAGAAAGG",TRUE
"CTACACCCATTGCGGC",TRUE
"CTACACCGTAAGTGGC",TRUE
"CTACACCGTTAGGGTG",TRUE
"CTACACCTCCACGTGG",TRUE
"CTACACCTCTTGACGA",TRUE
"CTACATTAGCTCTCGG",TRUE
"CTACATTAGGGCATGT",TRUE
"CTACATTAGTGAACAT",TRUE
"CTACATTCAGTCGTGC",TRUE
"CTACATTTCAACCAAC",TRUE
"CTACATTTCGAATGCT",TRUE
"CTACATTTCGGCATCG",TRUE
"CTACATTTCGTTACGA",TRUE
"CTACATTTCTATGTGG",TRUE
"CTACCCAAGAGGTTGC",TRUE
"CTACCCAAGCACACAG",TRUE
"CTACCCAAGTTTGCGT",TRUE
"CTACCCACAAACCTAC",TRUE
"CTACCCACACGAGAGT",TRUE
"CTACCCAGTAGCCTCG",TRUE
"CTACCCATCACAGTAC",TRUE
"CTACCCATCGGTTCGG",TRUE
"CTACGTCAGAATGTTG",TRUE
"CTACGTCCAGATCCAT",TRUE
"CTACGTCGTCACCTAA",TRUE
"CTACGTCTCCACGTGG",TRUE
"CTACGTCTCCCAGGTG",TRUE
"CTACGTCTCGATCCCT",TRUE
"CTACGTCTCTACCTGC",TRUE
"CTAGAGTCAAGTTAAG",TRUE
"CTAGAGTCAATGGAAT",TRUE
"CTAGAGTCATACCATG",TRUE
"CTAGAGTGTTGGAGGT",TRUE
"CTAGAGTTCCGTTGCT",TRUE
"CTAGCCTAGAGACGAA",TRUE
"CTAGCCTAGCTAACAA",TRUE
"CTAGCCTAGGGCATGT",TRUE
"CTAGCCTAGTTGAGAT",TRUE
"CTAGCCTCATACAGCT",TRUE
"CTAGCCTCATTCTTAC",TRUE
"CTAGCCTGTAATAGCA",TRUE
"CTAGCCTGTGGTCTCG",TRUE
"CTAGCCTTCACAATGC",TRUE
"CTAGCCTTCCGTCAAA",TRUE
"CTAGCCTTCTTGTTTG",TRUE
"CTAGTGAAGCCACGTC",TRUE
"CTAGTGAAGCTAACTC",TRUE
"CTAGTGAAGGCGTACA",TRUE
"CTAGTGAAGTCCATAC",TRUE
"CTAGTGACAATGTAAG",TRUE
"CTAGTGACATGGTAGG",TRUE
"CTAGTGACATGGTCAT",TRUE
"CTAGTGATCGTTGCCT",TRUE
"CTCACACAGAGCTGGT",TRUE
"CTCACACAGGACAGAA",TRUE
"CTCACACAGGGTGTTG",TRUE
"CTCACACCAACTGCTA",TRUE
"CTCACACCACCAGGCT",TRUE
"CTCACACGTAACGACG",TRUE
"CTCACACGTTCCGGCA",TRUE
"CTCACACTCACGCATA",TRUE
"CTCACACTCATTTGGG",TRUE
"CTCAGAAAGGCTATCT",TRUE
"CTCAGAAAGGCTCATT",TRUE
"CTCAGAAAGTGAACAT",TRUE
"CTCAGAAAGTGGTCCC",TRUE
"CTCAGAACAATGACCT",TRUE
"CTCAGAACACCACCAG",TRUE
"CTCAGAACAGCGATCC",TRUE
"CTCAGAAGTAGCAAAT",TRUE
"CTCAGAAGTCGAATCT",TRUE
"CTCAGAAGTGAGTGAC",TRUE
"CTCAGAAGTGTGTGCC",TRUE
"CTCAGAAGTTTAGGAA",TRUE
"CTCATTACAGGTCTCG",TRUE
"CTCATTAGTATAGGTA",TRUE
"CTCATTATCAGTTTGG",TRUE
"CTCATTATCCACGTTC",TRUE
"CTCATTATCGTGGTCG",TRUE
"CTCCTAGAGAGTGAGA",TRUE
"CTCCTAGAGCTGGAAC",TRUE
"CTCCTAGAGGGTCTCC",TRUE
"CTCCTAGGTCCGAATT",TRUE
"CTCCTAGTCGGCGGTT",TRUE
"CTCGAAAGTCTCTTTA",TRUE
"CTCGAAAGTTAGGGTG",TRUE
"CTCGAAAGTTGATTCG",TRUE
"CTCGAAATCAACGGCC",TRUE
"CTCGAGGAGGTAGCCA",TRUE
"CTCGAGGAGTCTTGCA",TRUE
"CTCGAGGCAAGACACG",TRUE
"CTCGAGGCACGCATCG",TRUE
"CTCGAGGCATCCTTGC",TRUE
"CTCGAGGTCTCGCATC",TRUE
"CTCGGAGAGACCACGA",TRUE
"CTCGGAGAGACTTGAA",TRUE
"CTCGGAGAGCCTATGT",TRUE
"CTCGGAGCACACAGAG",TRUE
"CTCGGAGCATGGTCAT",TRUE
"CTCGGAGTCATGCTCC",TRUE
"CTCGGAGTCCAGAGGA",TRUE
"CTCGGAGTCTTGTATC",TRUE
"CTCGGGAAGAATCTCC",TRUE
"CTCGGGACATATACCG",TRUE
"CTCGGGAGTAAAGTCA",TRUE
"CTCGGGAGTGTGTGCC",TRUE
"CTCGGGATCGGATGTT",TRUE
"CTCGTACCACATCCAA",TRUE
"CTCGTACGTGCTTCTC",TRUE
"CTCGTACTCACTCTTA",TRUE
"CTCGTACTCTCTGCTG",TRUE
"CTCGTCAAGCCACGCT",TRUE
"CTCGTCAAGCCGTCGT",TRUE
"CTCGTCAAGTGAACAT",TRUE
"CTCGTCACACAAGACG",TRUE
"CTCGTCACATCTATGG",TRUE
"CTCGTCACATTCTCAT",TRUE
"CTCGTCAGTGGTGTAG",TRUE
"CTCGTCAGTGTGTGCC",TRUE
"CTCGTCAGTTGATTCG",TRUE
"CTCGTCATCCATGAAC",TRUE
"CTCTAATAGTGCCATT",TRUE
"CTCTAATCACAGCGTC",TRUE
"CTCTAATCAGACAGGT",TRUE
"CTCTAATGTCAACATC",TRUE
"CTCTAATTCAGTCCCT",TRUE
"CTCTAATTCCTCCTAG",TRUE
"CTCTAATTCGCTAGCG",TRUE
"CTCTACGAGCAGCCTC",TRUE
"CTCTACGAGGCTATCT",TRUE
"CTCTACGAGTGTACCT",TRUE
"CTCTACGCACCGATAT",TRUE
"CTCTACGCACGAGGTA",TRUE
"CTCTACGCACGGCTAC",TRUE
"CTCTACGCATGGGAAC",TRUE
"CTCTACGCATTAACCG",TRUE
"CTCTACGGTAAAGGAG",TRUE
"CTCTACGGTCTCCCTA",TRUE
"CTCTACGGTTCAGTAC",TRUE
"CTCTACGTCCCAAGTA",TRUE
"CTCTGGTAGCCGGTAA",TRUE
"CTCTGGTCAGCTCCGA",TRUE
"CTCTGGTCAGGAATCG",TRUE
"CTCTGGTCATGCAATC",TRUE
"CTCTGGTGTAGCGCTC",TRUE
"CTCTGGTGTCATATGC",TRUE
"CTCTGGTGTGTCAATC",TRUE
"CTCTGGTGTGTTCGAT",TRUE
"CTCTGGTGTTGTTTGG",TRUE
"CTCTGGTTCACCTTAT",TRUE
"CTCTGGTTCACGATGT",TRUE
"CTCTGGTTCCCTCAGT",TRUE
"CTCTGGTTCCGAACGC",TRUE
"CTGAAACAGAACTCGG",TRUE
"CTGAAACAGAAGAAGC",TRUE
"CTGAAACAGTGAAGAG",TRUE
"CTGAAACCAAAGTCAA",TRUE
"CTGAAACCAGTGACAG",TRUE
"CTGAAACGTCCCTTGT",TRUE
"CTGAAACGTGATGTCT",TRUE
"CTGAAACTCGCCTGAG",TRUE
"CTGAAACTCGTAGATC",TRUE
"CTGAAGTAGTGTCCCG",TRUE
"CTGAAGTCACAGACTT",TRUE
"CTGAAGTCACTCAGGC",TRUE
"CTGAAGTCATTCACTT",TRUE
"CTGAAGTCATTCGACA",TRUE
"CTGAAGTGTCTAGGTT",TRUE
"CTGAAGTTCACCTCGT",TRUE
"CTGAAGTTCCGCTGTT",TRUE
"CTGATAGAGGAGTTGC",TRUE
"CTGATAGAGTAGATGT",TRUE
"CTGATAGCAAAGGAAG",TRUE
"CTGATAGCAAGCGTAG",TRUE
"CTGATAGCACGAGAGT",TRUE
"CTGATAGGTTAGATGA",TRUE
"CTGATAGTCATCACCC",TRUE
"CTGATCCAGACACTAA",TRUE
"CTGATCCAGCCGATTT",TRUE
"CTGATCCAGTGTGGCA",TRUE
"CTGATCCGTGACTCAT",TRUE
"CTGATCCTCTGAAAGA",TRUE
"CTGATCCTCTTACCTA",TRUE
"CTGCCTAAGCTAGTTC",TRUE
"CTGCCTAAGGCCCGTT",TRUE
"CTGCCTACATATGAGA",TRUE
"CTGCCTATCATGCTCC",TRUE
"CTGCGGAAGACCTTTG",TRUE
"CTGCGGAAGAGTAAGG",TRUE
"CTGCGGAAGTAAGTAC",TRUE
"CTGCGGAAGTGACATA",TRUE
"CTGCGGAAGTGGCACA",TRUE
"CTGCGGACACAGTCGC",TRUE
"CTGCGGACAGCTCCGA",TRUE
"CTGCGGACAGCTGGCT",TRUE
"CTGCGGACATACGCCG",TRUE
"CTGCGGAGTAATCGTC",TRUE
"CTGCGGAGTACTTAGC",TRUE
"CTGCGGATCCATGAAC",TRUE
"CTGCGGATCCGCATCT",TRUE
"CTGCGGATCCTTGACC",TRUE
"CTGCGGATCGCATGGC",TRUE
"CTGCTGTCACGCGAAA",TRUE
"CTGCTGTCATACGCTA",TRUE
"CTGCTGTGTGACGGTA",TRUE
"CTGCTGTGTGCGATAG",TRUE
"CTGCTGTGTTCCACTC",TRUE
"CTGCTGTTCATGCATG",TRUE
"CTGCTGTTCATTGCCC",TRUE
"CTGCTGTTCTTACCTA",TRUE
"CTGGTCTCATTTGCTT",TRUE
"CTGGTCTGTACTCTCC",TRUE
"CTGGTCTGTCGAATCT",TRUE
"CTGGTCTGTGAGGGAG",TRUE
"CTGGTCTGTTTGTTGG",TRUE
"CTGGTCTTCGGAGCAA",TRUE
"CTGGTCTTCTCCTATA",TRUE
"CTGTGCTAGCAGGCTA",TRUE
"CTGTGCTCAAGAAGAG",TRUE
"CTGTGCTCATCGACGC",TRUE
"CTGTGCTGTCATCGGC",TRUE
"CTGTGCTTCAACGGCC",TRUE
"CTGTGCTTCCACTGGG",TRUE
"CTGTGCTTCGGCGCAT",TRUE
"CTGTGCTTCTATCCTA",TRUE
"CTGTGCTTCTTGGGTA",TRUE
"CTGTTTAAGCGCTCCA",TRUE
"CTGTTTACAATAAGCA",TRUE
"CTGTTTACACATTCGA",TRUE
"CTGTTTATCATCGCTC",TRUE
"CTGTTTATCCACTGGG",TRUE
"CTTAACTAGCTAGTCT",TRUE
"CTTAACTCAGCTCGCA",TRUE
"CTTAACTGTACCGCTG",TRUE
"CTTAACTGTCAAAGAT",TRUE
"CTTAACTTCACGACTA",TRUE
"CTTACCGAGCCAACAG",TRUE
"CTTACCGCAGTGGGAT",TRUE
"CTTACCGGTAGCCTAT",TRUE
"CTTACCGGTCTCATCC",TRUE
"CTTACCGGTCTGGAGA",TRUE
"CTTACCGGTCTTCTCG",TRUE
"CTTACCGGTTAGAACA",TRUE
"CTTACCGTCGTAGGTT",TRUE
"CTTACCGTCTTCATGT",TRUE
"CTTACCGTCTTTAGGG",TRUE
"CTTAGGAAGAATCTCC",TRUE
"CTTAGGACACGAAACG",TRUE
"CTTAGGATCCTTAATC",TRUE
"CTTCTCTAGGCTATCT",TRUE
"CTTCTCTCAGACGCAA",TRUE
"CTTCTCTCAGTATCTG",TRUE
"CTTCTCTCATTCCTGC",TRUE
"CTTCTCTGTGTAATGA",TRUE
"CTTCTCTGTTACTGAC",TRUE
"CTTCTCTTCAACACCA",TRUE
"CTTCTCTTCAGCACAT",TRUE
"CTTGGCTAGCCAGGAT",TRUE
"CTTGGCTAGTGAACAT",TRUE
"CTTGGCTAGTGCTGCC",TRUE
"CTTGGCTAGTGTACTC",TRUE
"CTTGGCTTCCTAGAAC",TRUE
"CTTGGCTTCGCTGATA",TRUE
"CTTGGCTTCGTATCAG",TRUE
"CTTGGCTTCTTCGGTC",TRUE
"CTTTGCGAGGCCCTCA",TRUE
"CTTTGCGAGGGTCGAT",TRUE
"CTTTGCGAGTCTCGGC",TRUE
"CTTTGCGAGTTATCGC",TRUE
"CTTTGCGAGTTGAGAT",TRUE
"CTTTGCGGTTCGAATC",TRUE
"CTTTGCGTCAAGGTAA",TRUE
"CTTTGCGTCACGGTTA",TRUE
"CTTTGCGTCAGCATGT",TRUE
"CTTTGCGTCGAACTGT",TRUE
"CTTTGCGTCTTACCGC",TRUE
"GAAACTCGTAGTACCT",TRUE
"GAAACTCGTTCCCGAG",TRUE
"GAAACTCGTTGGGACA",TRUE
"GAAACTCTCACCCGAG",TRUE
"GAAACTCTCAGGCCCA",TRUE
"GAAACTCTCCTCGCAT",TRUE
"GAAACTCTCTGAGGGA",TRUE
"GAAATGAAGAAACCGC",TRUE
"GAAATGAAGGTGCTAG",TRUE
"GAAATGAAGTGGTCCC",TRUE
"GAAATGACATTGGGCC",TRUE
"GAAATGAGTATTAGCC",TRUE
"GAAATGATCAGGTAAA",TRUE
"GAAATGATCAGTGTTG",TRUE
"GAAATGATCTCGGACG",TRUE
"GAACATCAGGCATGTG",TRUE
"GAACATCAGGGCTTGA",TRUE
"GAACATCAGGTGCACA",TRUE
"GAACATCAGTTGAGTA",TRUE
"GAACATCCAAAGCGGT",TRUE
"GAACATCTCAGAGCTT",TRUE
"GAACATCTCCAGAGGA",TRUE
"GAACCTAAGAGTCGGT",TRUE
"GAACCTAAGCCATCGC",TRUE
"GAACCTAAGGCAAAGA",TRUE
"GAACCTACAGCTCGCA",TRUE
"GAACCTACAGTATCTG",TRUE
"GAACCTACATAAGACA",TRUE
"GAACCTAGTAGATTAG",TRUE
"GAACCTAGTGGTCCGT",TRUE
"GAACCTATCCGAATGT",TRUE
"GAACGGAAGAGACGAA",TRUE
"GAACGGAAGCCCTAAT",TRUE
"GAACGGACAAGGTTCT",TRUE
"GAACGGAGTCAACATC",TRUE
"GAACGGAGTCGGGTCT",TRUE
"GAACGGAGTCTCAACA",TRUE
"GAAGCAGAGGTGGGTT",TRUE
"GAAGCAGCAGGTCTCG",TRUE
"GAAGCAGCATACGCTA",TRUE
"GAAGCAGCATCACCCT",TRUE
"GAAGCAGGTAAAGTCA",TRUE
"GAAGCAGGTAGCGCAA",TRUE
"GAAGCAGGTCATGCCG",TRUE
"GAAGCAGGTGTGTGCC",TRUE
"GAAGCAGGTGTTGAGG",TRUE
"GAAGCAGGTTAAGGGC",TRUE
"GAAGCAGTCATCTGTT",TRUE
"GAATAAGAGCGCCTCA",TRUE
"GAATAAGAGCGTGTCC",TRUE
"GAATAAGAGGGATACC",TRUE
"GAATAAGCAAGTCTAC",TRUE
"GAATAAGCAGTCACTA",TRUE
"GAATAAGGTCTTGATG",TRUE
"GAATAAGGTTTACTCT",TRUE
"GAATAAGTCACGAAGG",TRUE
"GAATGAAAGCAGGCTA",TRUE
"GAATGAAAGCCCAACC",TRUE
"GAATGAACAAAGTCAA",TRUE
"GAATGAACACCGAATT",TRUE
"GAATGAAGTCAGTGGA",TRUE
"GAATGAAGTGAGTATA",TRUE
"GAATGAATCCAATGGT",TRUE
"GAATGAATCGCGGATC",TRUE
"GAATGAATCGTTGCCT",TRUE
"GACACGCAGCCGCCTA",TRUE
"GACACGCAGTATTGGA",TRUE
"GACACGCCACCGAATT",TRUE
"GACACGCGTATATGAG",TRUE
"GACACGCGTGACCAAG",TRUE
"GACACGCGTGAGGGTT",TRUE
"GACACGCGTGGGTCAA",TRUE
"GACACGCTCAGCGATT",TRUE
"GACACGCTCCAAACTG",TRUE
"GACAGAGAGAGATGAG",TRUE
"GACAGAGAGAGCCTAG",TRUE
"GACAGAGAGTGGAGAA",TRUE
"GACAGAGCACATCCAA",TRUE
"GACAGAGGTAATCACC",TRUE
"GACAGAGGTGCAACGA",TRUE
"GACAGAGGTTGTTTGG",TRUE
"GACAGAGTCAAAGACA",TRUE
"GACAGAGTCAGCTTAG",TRUE
"GACCAATAGGTGATAT",TRUE
"GACCAATGTCGTCTTC",TRUE
"GACCAATGTTGGTTTG",TRUE
"GACCAATGTTGTCGCG",TRUE
"GACCAATTCAAGAAGT",TRUE
"GACCAATTCCGCAAGC",TRUE
"GACCTGGAGCGGATCA",TRUE
"GACCTGGGTATAATGG",TRUE
"GACCTGGGTCTCTTAT",TRUE
"GACCTGGTCCGCAAGC",TRUE
"GACGCGTAGCGGCTTC",TRUE
"GACGCGTTCAAACAAG",TRUE
"GACGCGTTCAAACGGG",TRUE
"GACGGCTAGAAACCTA",TRUE
"GACGGCTAGAATGTGT",TRUE
"GACGGCTAGACTGGGT",TRUE
"GACGGCTAGGATTCGG",TRUE
"GACGGCTAGTGTACCT",TRUE
"GACGGCTCAAGCCGCT",TRUE
"GACGGCTCAAGGTTCT",TRUE
"GACGGCTCACATCTTT",TRUE
"GACGGCTGTGATGTCT",TRUE
"GACGGCTTCGGGAGTA",TRUE
"GACGTGCAGGACATTA",TRUE
"GACGTGCAGGTACTCT",TRUE
"GACGTGCGTGCAGACA",TRUE
"GACGTGCGTTCCGTCT",TRUE
"GACGTGCGTTTACTCT",TRUE
"GACGTGCTCATCGATG",TRUE
"GACGTGCTCGTCGTTC",TRUE
"GACGTGCTCTGCAAGT",TRUE
"GACGTTACACAAGCCC",TRUE
"GACGTTACAGCTGTGC",TRUE
"GACGTTAGTAACGACG",TRUE
"GACGTTAGTACTTAGC",TRUE
"GACGTTATCTCTAGGA",TRUE
"GACGTTATCTGCTGCT",TRUE
"GACTAACAGATGCGAC",TRUE
"GACTAACCACACTGCG",TRUE
"GACTAACCACGGTGTC",TRUE
"GACTAACCAGTTCATG",TRUE
"GACTAACCATGAACCT",TRUE
"GACTAACGTAGCTTGT",TRUE
"GACTAACGTCGCTTTC",TRUE
"GACTAACGTCGGATCC",TRUE
"GACTAACGTTGGACCC",TRUE
"GACTAACTCACAGGCC",TRUE
"GACTAACTCTACGAGT",TRUE
"GACTACAAGACTACAA",TRUE
"GACTACAAGATGGCGT",TRUE
"GACTACAAGTATGACA",TRUE
"GACTACACAAGCCCAC",TRUE
"GACTACACAATAGCAA",TRUE
"GACTACACACTACAGT",TRUE
"GACTACACAGCTGGCT",TRUE
"GACTACACATCTCCCA",TRUE
"GACTACAGTCCTCCAT",TRUE
"GACTACAGTGTTCGAT",TRUE
"GACTACATCAGCACAT",TRUE
"GACTACATCATCTGCC",TRUE
"GACTACATCGTATCAG",TRUE
"GACTGCGAGATAGTCA",TRUE
"GACTGCGAGCTTCGCG",TRUE
"GACTGCGAGTACGTTC",TRUE
"GACTGCGCAGAAGCAC",TRUE
"GACTGCGCAGTTCATG",TRUE
"GACTGCGGTCAGCTAT",TRUE
"GACTGCGGTCTCACCT",TRUE
"GACTGCGGTCTCTTAT",TRUE
"GACTGCGGTCTTGTCC",TRUE
"GACTGCGTCACATACG",TRUE
"GACTGCGTCAGTCCCT",TRUE
"GAGCAGAAGCCGTCGT",TRUE
"GAGCAGAAGTGGGTTG",TRUE
"GAGCAGAAGTGTGAAT",TRUE
"GAGCAGACATTAGGCT",TRUE
"GAGCAGAGTCCGAATT",TRUE
"GAGCAGAGTCTTTCAT",TRUE
"GAGCAGAGTGTAATGA",TRUE
"GAGCAGAGTTCAGGCC",TRUE
"GAGCAGAGTTTACTCT",TRUE
"GAGCAGATCAAACCAC",TRUE
"GAGCAGATCCCGACTT",TRUE
"GAGCAGATCCGCGCAA",TRUE
"GAGCAGATCGAATGCT",TRUE
"GAGCAGATCGGGAGTA",TRUE
"GAGGTGAGTCAGGACA",TRUE
"GAGGTGAGTGGCAAAC",TRUE
"GAGGTGAGTTCTGTTT",TRUE
"GAGTCCGAGCTCCTCT",TRUE
"GAGTCCGAGGCTCAGA",TRUE
"GAGTCCGCAACTGGCC",TRUE
"GAGTCCGCAGCTTAAC",TRUE
"GAGTCCGCATGTTGAC",TRUE
"GAGTCCGGTCCAAGTT",TRUE
"GAGTCCGGTGTAATGA",TRUE
"GAGTCCGTCGGAAACG",TRUE
"GATCAGTAGAGGGCTT",TRUE
"GATCAGTAGTTCGCGC",TRUE
"GATCAGTCACTGCCAG",TRUE
"GATCAGTTCAATAAGG",TRUE
"GATCAGTTCCACGTGG",TRUE
"GATCAGTTCCGTCATC",TRUE
"GATCGATAGCTGAACG",TRUE
"GATCGATAGGATGTAT",TRUE
"GATCGATCAAATACAG",TRUE
"GATCGATCAAGGTGTG",TRUE
"GATCGATCAGCTGGCT",TRUE
"GATCGATCAGGCTGAA",TRUE
"GATCGATGTCGCTTTC",TRUE
"GATCGATTCGGATGGA",TRUE
"GATCGATTCGTATCAG",TRUE
"GATCGATTCTTAGAGC",TRUE
"GATCGCGAGCTATGCT",TRUE
"GATCGCGCAGACAGGT",TRUE
"GATCGCGCAGATAATG",TRUE
"GATCGCGCATCCCATC",TRUE
"GATCGCGGTAGTAGTA",TRUE
"GATCGCGGTGTATGGG",TRUE
"GATCGCGGTTATCGGT",TRUE
"GATCGCGTCAAACCGT",TRUE
"GATCGCGTCTAACTGG",TRUE
"GATCGCGTCTGCTGCT",TRUE
"GATCGTAAGCCCGAAA",TRUE
"GATCGTACATCACCCT",TRUE
"GATCGTACATGTTCCC",TRUE
"GATCGTAGTAAACGCG",TRUE
"GATCGTAGTGCCTGGT",TRUE
"GATCGTATCAGCACAT",TRUE
"GATCGTATCCAAACTG",TRUE
"GATCGTATCTGCAAGT",TRUE
"GATCTAGCATCGGTTA",TRUE
"GATCTAGGTCGCGAAA",TRUE
"GATCTAGGTTTGCATG",TRUE
"GATGAAAAGATGTCGG",TRUE
"GATGAAAAGCGTTTAC",TRUE
"GATGAAACAAGTCTAC",TRUE
"GATGAAACAATGGACG",TRUE
"GATGAAACACTAGTAC",TRUE
"GATGAAACACTTAACG",TRUE
"GATGAAACATGAACCT",TRUE
"GATGAAAGTCAACATC",TRUE
"GATGAGGAGACTTTCG",TRUE
"GATGAGGAGATGCCTT",TRUE
"GATGAGGAGGCTCATT",TRUE
"GATGAGGAGTCAAGCG",TRUE
"GATGAGGCAAACGCGA",TRUE
"GATGAGGGTAATCGTC",TRUE
"GATGAGGGTATGAATG",TRUE
"GATGAGGTCATTGCCC",TRUE
"GATGAGGTCTACGAGT",TRUE
"GATGAGGTCTGAGGGA",TRUE
"GATGCTAAGACTAGAT",TRUE
"GATGCTAAGCCGGTAA",TRUE
"GATGCTAAGGTGCTTT",TRUE
"GATGCTAGTAGGGACT",TRUE
"GATGCTAGTGCTTCTC",TRUE
"GATGCTATCAAACCAC",TRUE
"GATGCTATCTCGGACG",TRUE
"GATGCTATCTTCTGGC",TRUE
"GATTCAGAGCCACGCT",TRUE
"GATTCAGAGGGATCTG",TRUE
"GATTCAGAGTCAAGGC",TRUE
"GATTCAGCAACGATCT",TRUE
"GATTCAGCACATGACT",TRUE
"GATTCAGGTATAGTAG",TRUE
"GATTCAGGTTGAGGTG",TRUE
"GCAAACTAGAGTAATC",TRUE
"GCAAACTAGCAGGCTA",TRUE
"GCAAACTAGGATGCGT",TRUE
"GCAAACTCATTAGGCT",TRUE
"GCAAACTCATTATCTC",TRUE
"GCAAACTGTAAATACG",TRUE
"GCAAACTGTAGCGTGA",TRUE
"GCAAACTGTCGAAAGC",TRUE
"GCAAACTGTGCGATAG",TRUE
"GCAAACTGTGGGTCAA",TRUE
"GCAAACTTCCGCAGTG",TRUE
"GCAAACTTCTACCTGC",TRUE
"GCAATCAAGGATGTAT",TRUE
"GCAATCACAATGAAAC",TRUE
"GCAATCACAGTCCTTC",TRUE
"GCAATCACATGAACCT",TRUE
"GCAATCAGTACGAAAT",TRUE
"GCAATCAGTTGACGTT",TRUE
"GCAATCATCCGCGCAA",TRUE
"GCAATCATCCTTGCCA",TRUE
"GCACATAAGCACCGTC",TRUE
"GCACATAAGCTGAAAT",TRUE
"GCACATAAGGCTACGA",TRUE
"GCACATACACGAAATA",TRUE
"GCACATACATAAAGGT",TRUE
"GCACATAGTCTCCACT",TRUE
"GCACATAGTTGGAGGT",TRUE
"GCACATATCAAGGTAA",TRUE
"GCACATATCCACGTTC",TRUE
"GCACATATCTCCAACC",TRUE
"GCACATATCTCTAAGG",TRUE
"GCACTCTAGACTAGAT",TRUE
"GCACTCTAGATCACGG",TRUE
"GCACTCTAGCGATCCC",TRUE
"GCACTCTAGTGTCCCG",TRUE
"GCACTCTGTCATACTG",TRUE
"GCACTCTGTCCAGTAT",TRUE
"GCACTCTTCAGAGCTT",TRUE
"GCACTCTTCAGGCGAA",TRUE
"GCACTCTTCCCTAACC",TRUE
"GCACTCTTCCGTCAAA",TRUE
"GCAGCCAAGAACTGTA",TRUE
"GCAGCCAAGACACTAA",TRUE
"GCAGCCAAGGCGCTCT",TRUE
"GCAGCCACACGCTTTC",TRUE
"GCAGCCACATCACGAT",TRUE
"GCAGCCAGTACATCCA",TRUE
"GCAGCCAGTAGTACCT",TRUE
"GCAGCCAGTGCAGGTA",TRUE
"GCAGCCATCCATGAGT",TRUE
"GCAGCCATCCTCAACC",TRUE
"GCAGTTAAGCAATATG",TRUE
"GCAGTTAAGCGTGAAC",TRUE
"GCAGTTAAGTATTGGA",TRUE
"GCAGTTACACCAGTTA",TRUE
"GCAGTTACAGCGTAAG",TRUE
"GCAGTTAGTATAATGG",TRUE
"GCAGTTAGTCTCACCT",TRUE
"GCAGTTAGTTTCGCTC",TRUE
"GCAGTTAGTTTGACAC",TRUE
"GCAGTTATCCTCCTAG",TRUE
"GCATACAAGATCCGAG",TRUE
"GCATACAAGCGCCTTG",TRUE
"GCATACAAGTAGCGGT",TRUE
"GCATACACACCTCGTT",TRUE
"GCATACACAGGTGGAT",TRUE
"GCATACAGTAGCGTGA",TRUE
"GCATACAGTGTCCTCT",TRUE
"GCATACATCAAGGTAA",TRUE
"GCATACATCACTCCTG",TRUE
"GCATACATCCCAACGG",TRUE
"GCATGATAGGTGTTAA",TRUE
"GCATGATCAGTTCATG",TRUE
"GCATGATGTAAGGGCT",TRUE
"GCATGATGTATATGGA",TRUE
"GCATGATGTTACGCGC",TRUE
"GCATGATTCCAAATGC",TRUE
"GCATGATTCCTCAACC",TRUE
"GCATGATTCCTTTCTC",TRUE
"GCATGCGAGGCCGAAT",TRUE
"GCATGCGAGGCTCATT",TRUE
"GCATGCGAGTATCGAA",TRUE
"GCATGCGCAAGAGGCT",TRUE
"GCATGCGCAGCCTGTG",TRUE
"GCATGCGCAGTTCCCT",TRUE
"GCATGCGCATAACCTG",TRUE
"GCATGCGGTTGAACTC",TRUE
"GCATGCGGTTTAGGAA",TRUE
"GCATGCGTCTCAAGTG",TRUE
"GCATGCGTCTTAACCT",TRUE
"GCATGTAAGCTGTTCA",TRUE
"GCATGTACAAGCCATT",TRUE
"GCATGTAGTAAATGAC",TRUE
"GCATGTAGTATCACCA",TRUE
"GCATGTAGTCATCGGC",TRUE
"GCATGTAGTTGCTCCT",TRUE
"GCCAAATAGCCACTAT",TRUE
"GCCAAATCACAAGACG",TRUE
"GCCAAATGTAGGGTAC",TRUE
"GCCAAATGTTCAGACT",TRUE
"GCCAAATTCATAAAGG",TRUE
"GCCAAATTCATCATTC",TRUE
"GCCAAATTCATTGCCC",TRUE
"GCCAAATTCGAGGTAG",TRUE
"GCCAAATTCTCGAGTA",TRUE
"GCCTCTACAAACTGCT",TRUE
"GCCTCTACATGGTCTA",TRUE
"GCCTCTAGTTAAGACA",TRUE
"GCCTCTAGTTAAGGGC",TRUE
"GCCTCTAGTTCAGTAC",TRUE
"GCCTCTAGTTGAGGTG",TRUE
"GCCTCTATCCAAATGC",TRUE
"GCCTCTATCGCCAAAT",TRUE
"GCGACCAAGAGACGAA",TRUE
"GCGACCAAGGGAAACA",TRUE
"GCGACCAAGTCCCACG",TRUE
"GCGACCAAGTGTACCT",TRUE
"GCGACCAGTGATGTCT",TRUE
"GCGACCAGTGCCTTGG",TRUE
"GCGACCAGTTCAGGCC",TRUE
"GCGACCATCATTGCCC",TRUE
"GCGACCATCCAGTAGT",TRUE
"GCGAGAAAGCGTCAAG",TRUE
"GCGAGAAAGGGATCTG",TRUE
"GCGAGAACAACACCTA",TRUE
"GCGAGAACACCGAAAG",TRUE
"GCGAGAACACCGTTGG",TRUE
"GCGAGAACAGATGGGT",TRUE
"GCGAGAACAGCTTCGG",TRUE
"GCGAGAAGTTAAAGAC",TRUE
"GCGAGAAGTTCACCTC",TRUE
"GCGAGAATCAGTCAGT",TRUE
"GCGAGAATCTCGAGTA",TRUE
"GCGCAACAGCTATGCT",TRUE
"GCGCAACGTCCAGTGC",TRUE
"GCGCAACGTGTCTGAT",TRUE
"GCGCAACTCGGAGGTA",TRUE
"GCGCAGTAGCACAGGT",TRUE
"GCGCAGTAGCAGGTCA",TRUE
"GCGCAGTAGCCCAATT",TRUE
"GCGCAGTAGTGACATA",TRUE
"GCGCAGTCAAGGACAC",TRUE
"GCGCAGTCACCCAGTG",TRUE
"GCGCAGTGTCAAAGAT",TRUE
"GCGCAGTGTCAACTGT",TRUE
"GCGCAGTGTCGAATCT",TRUE
"GCGCAGTTCGGAGCAA",TRUE
"GCGCCAAAGACTTGAA",TRUE
"GCGCCAAAGGATTCGG",TRUE
"GCGCCAACATTATCTC",TRUE
"GCGCCAAGTTACGGAG",TRUE
"GCGCCAATCCACGAAT",TRUE
"GCGCGATAGGTCGGAT",TRUE
"GCGCGATAGTAGCGGT",TRUE
"GCGCGATAGTGGAGAA",TRUE
"GCGCGATAGTTACCCA",TRUE
"GCGCGATCATGCCACG",TRUE
"GCGCGATTCACCGGGT",TRUE
"GCGGGTTAGGGTCGAT",TRUE
"GCGGGTTCAACGATCT",TRUE
"GCGGGTTCAAGAAGAG",TRUE
"GCGGGTTCACAACGTT",TRUE
"GCGGGTTCACAGAGGT",TRUE
"GCGGGTTGTCTAGCCG",TRUE
"GCGGGTTTCACCCTCA",TRUE
"GCGGGTTTCTATCCCG",TRUE
"GCTCCTACAGATCCAT",TRUE
"GCTCCTAGTCGGATCC",TRUE
"GCTCCTAGTGCGATAG",TRUE
"GCTCCTATCCTTGGTC",TRUE
"GCTCCTATCGGTGTCG",TRUE
"GCTCCTATCGTTTATC",TRUE
"GCTCCTATCTGGAGCC",TRUE
"GCTCCTATCTTATCTG",TRUE
"GCTCTGTAGCCTCGTG",TRUE
"GCTCTGTAGGCCATAG",TRUE
"GCTCTGTCAGGCTGAA",TRUE
"GCTCTGTGTAAACGCG",TRUE
"GCTCTGTGTACTCTCC",TRUE
"GCTCTGTGTACTTGAC",TRUE
"GCTCTGTGTCAGATAA",TRUE
"GCTCTGTTCTCCAACC",TRUE
"GCTGCAGAGACTTGAA",TRUE
"GCTGCAGAGCCAGTAG",TRUE
"GCTGCAGAGTTTCCTT",TRUE
"GCTGCAGCACATTAGC",TRUE
"GCTGCAGCATGTAAGA",TRUE
"GCTGCAGGTAGAAGGA",TRUE
"GCTGCAGGTATCAGTC",TRUE
"GCTGCAGGTCCTCCAT",TRUE
"GCTGCAGGTGACGGTA",TRUE
"GCTGCAGGTTCTGGTA",TRUE
"GCTGCGAAGCCACGTC",TRUE
"GCTGCGAAGCGTGTCC",TRUE
"GCTGCGAAGTCAAGCG",TRUE
"GCTGCGAGTCGAGTTT",TRUE
"GCTGCGAGTGGTACAG",TRUE
"GCTGCGAGTTGTGGCC",TRUE
"GCTGCGATCACGACTA",TRUE
"GCTGCGATCATGCATG",TRUE
"GCTGCGATCCCATTAT",TRUE
"GCTGCGATCCTCCTAG",TRUE
"GCTGCGATCGGTGTCG",TRUE
"GCTGCTTAGCACCGTC",TRUE
"GCTGCTTAGCTAGCCC",TRUE
"GCTGCTTAGTAGGCCA",TRUE
"GCTGCTTAGTGTGGCA",TRUE
"GCTGCTTGTCGCGGTT",TRUE
"GCTGCTTGTGAGGGTT",TRUE
"GCTGCTTTCACGAAGG",TRUE
"GCTGGGTAGCTGCGAA",TRUE
"GCTGGGTCAAAGTGCG",TRUE
"GCTGGGTCAACAACCT",TRUE
"GCTGGGTCAATAGCAA",TRUE
"GCTGGGTCACTAAGTC",TRUE
"GCTGGGTCAGCAGTTT",TRUE
"GCTGGGTGTCGCATAT",TRUE
"GCTGGGTGTGTGCGTC",TRUE
"GCTTCCAAGATAGCAT",TRUE
"GCTTCCAAGGAGTACC",TRUE
"GCTTCCACAAACAACA",TRUE
"GCTTCCACAGAAGCAC",TRUE
"GCTTCCACAGACAAAT",TRUE
"GCTTCCACAGTAACGG",TRUE
"GCTTCCAGTAATAGCA",TRUE
"GCTTCCAGTCATGCCG",TRUE
"GCTTCCAGTGAAGGCT",TRUE
"GCTTCCAGTGGTAACG",TRUE
"GCTTCCATCATGCATG",TRUE
"GCTTCCATCGTGGTCG",TRUE
"GCTTCCATCTGTCAAG",TRUE
"GCTTGAAAGCTTATCG",TRUE
"GCTTGAACACAAGTAA",TRUE
"GCTTGAACATGCCTAA",TRUE
"GCTTGAACATTCTTAC",TRUE
"GCTTGAAGTCGCGAAA",TRUE
"GCTTGAAGTTGGTAAA",TRUE
"GCTTGAATCACCTCGT",TRUE
"GCTTGAATCATCGGAT",TRUE
"GCTTGAATCGGACAAG",TRUE
"GGAAAGCAGAGTCTGG",TRUE
"GGAAAGCAGCGTTGCC",TRUE
"GGAAAGCAGGATGTAT",TRUE
"GGAAAGCAGTCTCCTC",TRUE
"GGAAAGCCAAAGGCGT",TRUE
"GGAAAGCCACAGACTT",TRUE
"GGAAAGCCACTATCTT",TRUE
"GGAAAGCGTACCGGCT",TRUE
"GGAAAGCGTAGAGCTG",TRUE
"GGAAAGCTCCGCATCT",TRUE
"GGAAAGCTCCTTGCCA",TRUE
"GGAAAGCTCTGTCCGT",TRUE
"GGAACTTAGCCCAACC",TRUE
"GGAACTTAGCTCCTTC",TRUE
"GGAACTTGTCCAAGTT",TRUE
"GGAACTTGTCCTGCTT",TRUE
"GGAACTTGTCGGCACT",TRUE
"GGAACTTGTGGCAAAC",TRUE
"GGAACTTTCATGGTCA",TRUE
"GGAATAAAGTAGCGGT",TRUE
"GGAATAAAGTTAGGTA",TRUE
"GGAATAACAAACTGTC",TRUE
"GGAATAACAACGATGG",TRUE
"GGAATAACAACTTGAC",TRUE
"GGAATAACAGCGTTCG",TRUE
"GGAATAACATGGATGG",TRUE
"GGAATAATCGAATGCT",TRUE
"GGAATAATCTGTGCAA",TRUE
"GGACAAGAGAGTCTGG",TRUE
"GGACAAGAGCTAAGAT",TRUE
"GGACAAGAGCTACCTA",TRUE
"GGACAAGCACCGCTAG",TRUE
"GGACAAGGTCATGCAT",TRUE
"GGACAAGGTCTGATTG",TRUE
"GGACAAGGTTGGTGGA",TRUE
"GGACAAGTCAATAAGG",TRUE
"GGACAAGTCACATAGC",TRUE
"GGACAAGTCCTAGAAC",TRUE
"GGACAAGTCTGCAGTA",TRUE
"GGACAGAAGAGGGATA",TRUE
"GGACAGAAGCAGATCG",TRUE
"GGACAGAAGTACGTTC",TRUE
"GGACAGAAGTCATCCA",TRUE
"GGACAGACAAAGGAAG",TRUE
"GGACAGACAGGGATTG",TRUE
"GGACAGAGTACCATCA",TRUE
"GGACAGAGTGCACCAC",TRUE
"GGACATTAGAAACCGC",TRUE
"GGACATTAGAACAATC",TRUE
"GGACATTAGCCAGGAT",TRUE
"GGACATTAGCGCCTCA",TRUE
"GGACATTAGCGTCTAT",TRUE
"GGACATTCAAATCCGT",TRUE
"GGACATTCAATGGACG",TRUE
"GGACATTCATCCTAGA",TRUE
"GGACATTGTTCTGTTT",TRUE
"GGACATTGTTTAAGCC",TRUE
"GGACATTTCACAATGC",TRUE
"GGACATTTCCCGGATG",TRUE
"GGACATTTCCGTACAA",TRUE
"GGACGTCAGAGGTACC",TRUE
"GGACGTCAGCTTTGGT",TRUE
"GGACGTCCAGCTGTAT",TRUE
"GGACGTCCAGGCTGAA",TRUE
"GGACGTCCAGTGGGAT",TRUE
"GGACGTCCATCCTTGC",TRUE
"GGACGTCGTACATGTC",TRUE
"GGACGTCGTGATGTGG",TRUE
"GGACGTCGTTATGCGT",TRUE
"GGACGTCTCGTGACAT",TRUE
"GGAGCAAAGAATTCCC",TRUE
"GGAGCAAAGAGCCCAA",TRUE
"GGAGCAAAGCTGAAAT",TRUE
"GGAGCAAAGGACGAAA",TRUE
"GGAGCAAAGTGGGTTG",TRUE
"GGAGCAACAGCTCGCA",TRUE
"GGAGCAAGTGAGCGAT",TRUE
"GGAGCAAGTGTGCGTC",TRUE
"GGAGCAATCCTAGTGA",TRUE
"GGAGCAATCGAGAGCA",TRUE
"GGAGCAATCTGAGGGA",TRUE
"GGATGTTAGAGACGAA",TRUE
"GGATGTTAGGGTTTCT",TRUE
"GGATGTTCACCAGCAC",TRUE
"GGATGTTGTAAGTGGC",TRUE
"GGATGTTGTATCACCA",TRUE
"GGATGTTGTCCTCCAT",TRUE
"GGATGTTTCCTAAGTG",TRUE
"GGATGTTTCCTTGACC",TRUE
"GGATGTTTCGGTCTAA",TRUE
"GGATGTTTCTTTAGTC",TRUE
"GGATTACAGACTTGAA",TRUE
"GGATTACCATCCCATC",TRUE
"GGATTACGTCTTCAAG",TRUE
"GGATTACGTTTAGCTG",TRUE
"GGCAATTAGAGCTGCA",TRUE
"GGCAATTAGCACCGTC",TRUE
"GGCAATTAGTGCCATT",TRUE
"GGCAATTCAAGCCGCT",TRUE
"GGCAATTCAAGTCTGT",TRUE
"GGCAATTCAATGGAGC",TRUE
"GGCAATTCAGGATTGG",TRUE
"GGCAATTGTCTCTCGT",TRUE
"GGCAATTGTGGCGAAT",TRUE
"GGCAATTTCAATACCG",TRUE
"GGCCGATAGACATAAC",TRUE
"GGCCGATAGAGTAAGG",TRUE
"GGCCGATAGCAATATG",TRUE
"GGCCGATAGCGTTGCC",TRUE
"GGCCGATCACACCGAC",TRUE
"GGCCGATCATGAACCT",TRUE
"GGCCGATGTCGAATCT",TRUE
"GGCCGATTCCGCGGTA",TRUE
"GGCCGATTCGGAAACG",TRUE
"GGCCGATTCTGCTTGC",TRUE
"GGCGACTAGCGACGTA",TRUE
"GGCGACTAGCTGAACG",TRUE
"GGCGACTAGTCAAGGC",TRUE
"GGCGACTCATGGTTGT",TRUE
"GGCGACTGTAAAGGAG",TRUE
"GGCGACTGTAAATGTG",TRUE
"GGCGACTGTAGAAAGG",TRUE
"GGCGACTGTCGTTGTA",TRUE
"GGCGACTGTCTCCCTA",TRUE
"GGCGACTGTTCCACTC",TRUE
"GGCGACTTCAGAAATG",TRUE
"GGCGACTTCGAGAACG",TRUE
"GGCGACTTCGTCTGAA",TRUE
"GGCGACTTCTGCGGCA",TRUE
"GGCGTGTCAGTTCATG",TRUE
"GGCGTGTTCGCTAGCG",TRUE
"GGCGTGTTCTCTGTCG",TRUE
"GGCGTGTTCTGAAAGA",TRUE
"GGCGTGTTCTTCGGTC",TRUE
"GGCGTGTTCTTTCCTC",TRUE
"GGCTCGACAACACGCC",TRUE
"GGCTCGACAAGAGTCG",TRUE
"GGCTCGACAAGGGTCA",TRUE
"GGCTCGACACGCGAAA",TRUE
"GGCTCGAGTCATATCG",TRUE
"GGCTCGAGTCCAACTA",TRUE
"GGCTCGAGTCCTCTTG",TRUE
"GGCTCGAGTGTCAATC",TRUE
"GGCTCGATCACCAGGC",TRUE
"GGCTCGATCATGCAAC",TRUE
"GGCTCGATCGGTTAAC",TRUE
"GGCTCGATCTATGTGG",TRUE
"GGCTCGATCTCCAGGG",TRUE
"GGCTGGTAGAGGTTAT",TRUE
"GGCTGGTAGTATTGGA",TRUE
"GGCTGGTCAGTACACT",TRUE
"GGCTGGTGTACCGAGA",TRUE
"GGCTGGTGTCATGCAT",TRUE
"GGCTGGTGTGATGATA",TRUE
"GGCTGGTGTGGTACAG",TRUE
"GGCTGGTTCAGCTCTC",TRUE
"GGCTGGTTCTGTACGA",TRUE
"GGCTGGTTCTTGCATT",TRUE
"GGGAATGAGAAGGACA",TRUE
"GGGAATGAGCTAGTCT",TRUE
"GGGAATGAGCTTTGGT",TRUE
"GGGAATGCAGTATAAG",TRUE
"GGGAATGTCCTTTACA",TRUE
"GGGAATGTCTTCATGT",TRUE
"GGGACCTAGACACGAC",TRUE
"GGGACCTAGACCTTTG",TRUE
"GGGACCTCACAGGAGT",TRUE
"GGGACCTGTTCAGACT",TRUE
"GGGACCTGTTCATGGT",TRUE
"GGGACCTGTTTGTTTC",TRUE
"GGGACCTTCAGAGCTT",TRUE
"GGGACCTTCAGCACAT",TRUE
"GGGACCTTCATGTGGT",TRUE
"GGGACCTTCTGCGGCA",TRUE
"GGGAGATAGGTGGGTT",TRUE
"GGGAGATAGTGCTGCC",TRUE
"GGGAGATCAGCTTCGG",TRUE
"GGGAGATTCCAGAGGA",TRUE
"GGGAGATTCCGAATGT",TRUE
"GGGAGATTCTATCCTA",TRUE
"GGGAGATTCTATCGCC",TRUE
"GGGAGATTCTGTACGA",TRUE
"GGGATGAAGTTTCCTT",TRUE
"GGGATGACAGCCACCA",TRUE
"GGGATGACATCTCCCA",TRUE
"GGGATGAGTCTCATCC",TRUE
"GGGATGAGTGTGAAAT",TRUE
"GGGATGAGTTATCACG",TRUE
"GGGATGATCCATGAGT",TRUE
"GGGATGATCGCAGGCT",TRUE
"GGGCACTAGGTGTTAA",TRUE
"GGGCACTAGTTAACGA",TRUE
"GGGCACTGTTCCGGCA",TRUE
"GGGCACTTCAACACTG",TRUE
"GGGCACTTCGATAGAA",TRUE
"GGGCATCCAAGTTGTC",TRUE
"GGGCATCCAATCGGTT",TRUE
"GGGCATCCAGCCACCA",TRUE
"GGGCATCGTTCAGACT",TRUE
"GGGCATCGTTGCGTTA",TRUE
"GGGCATCTCTTAGCCC",TRUE
"GGGCATCTCTTCCTTC",TRUE
"GGGTCTGAGAACAACT",TRUE
"GGGTCTGAGAATAGGG",TRUE
"GGGTCTGAGACAAAGG",TRUE
"GGGTCTGAGACCACGA",TRUE
"GGGTCTGAGTCCTCCT",TRUE
"GGGTCTGAGTGAACAT",TRUE
"GGGTCTGGTACAGACG",TRUE
"GGGTCTGGTCCGAAGA",TRUE
"GGGTCTGGTGTGTGCC",TRUE
"GGGTCTGTCACAATGC",TRUE
"GGGTCTGTCCACGAAT",TRUE
"GGGTCTGTCGCATGGC",TRUE
"GGGTCTGTCGTAGGAG",TRUE
"GGGTCTGTCTGATACG",TRUE
"GGGTTGCAGAAACCAT",TRUE
"GGGTTGCAGAATCTCC",TRUE
"GGGTTGCAGACGCACA",TRUE
"GGGTTGCCACTGCCAG",TRUE
"GGGTTGCCATTCTCAT",TRUE
"GGGTTGCGTATATGGA",TRUE
"GGGTTGCTCATCATTC",TRUE
"GGGTTGCTCCGTAGTA",TRUE
"GGGTTGCTCTACTCAT",TRUE
"GGTATTGAGCGACGTA",TRUE
"GGTATTGCACATTTCT",TRUE
"GGTATTGGTCTACCTC",TRUE
"GGTATTGTCGTTGCCT",TRUE
"GGTGAAGAGCTGATAA",TRUE
"GGTGAAGAGGAGTCTG",TRUE
"GGTGAAGAGGCGATAC",TRUE
"GGTGAAGAGTACTTGC",TRUE
"GGTGAAGCAACAACCT",TRUE
"GGTGAAGCACCACGTG",TRUE
"GGTGAAGCACCCTATC",TRUE
"GGTGAAGCAGACGCAA",TRUE
"GGTGAAGCAGTGACAG",TRUE
"GGTGAAGCATGCCCGA",TRUE
"GGTGAAGTCCGCGCAA",TRUE
"GGTGCGTAGAAACCAT",TRUE
"GGTGCGTAGAGCTGCA",TRUE
"GGTGCGTAGATATGGT",TRUE
"GGTGCGTCACCTGGTG",TRUE
"GGTGCGTCATACTCTT",TRUE
"GGTGCGTGTCGTCTTC",TRUE
"GGTGCGTTCACTTATC",TRUE
"GGTGCGTTCGCTGATA",TRUE
"GGTGTTAAGGGCTTGA",TRUE
"GGTGTTACAGGAATCG",TRUE
"GGTGTTAGTAACGACG",TRUE
"GGTGTTAGTCAGAATA",TRUE
"GGTGTTAGTCTCTTTA",TRUE
"GGTGTTAGTGTGTGCC",TRUE
"GTAACGTAGACAGGCT",TRUE
"GTAACGTAGCAGATCG",TRUE
"GTAACGTAGCGACGTA",TRUE
"GTAACGTCAATCCAAC",TRUE
"GTAACGTCATCGGACC",TRUE
"GTAACGTGTCCGTTAA",TRUE
"GTAACGTGTGACGGTA",TRUE
"GTAACTGAGGTGATTA",TRUE
"GTAACTGCATCACGTA",TRUE
"GTAACTGTCGTATCAG",TRUE
"GTAACTGTCGTGGTCG",TRUE
"GTAACTGTCTCCGGTT",TRUE
"GTAACTGTCTGCAAGT",TRUE
"GTACGTAAGATGCCAG",TRUE
"GTACGTACACTGAAGG",TRUE
"GTACGTACACTGTTAG",TRUE
"GTACGTACAGGGTTAG",TRUE
"GTACGTACATGCCACG",TRUE
"GTACGTAGTAAGTGTA",TRUE
"GTACGTAGTACCGTAT",TRUE
"GTACGTATCCAATGGT",TRUE
"GTACGTATCGAACTGT",TRUE
"GTACGTATCTCTAAGG",TRUE
"GTACTCCAGATCCCGC",TRUE
"GTACTCCCACTGCCAG",TRUE
"GTACTCCGTACCTACA",TRUE
"GTACTCCGTCCCTTGT",TRUE
"GTACTCCGTGCTAGCC",TRUE
"GTACTCCTCATCGGAT",TRUE
"GTACTCCTCGGATGGA",TRUE
"GTACTCCTCTATCGCC",TRUE
"GTACTCCTCTGAGGGA",TRUE
"GTACTCCTCTGGCGTG",TRUE
"GTACTTTAGAGTAAGG",TRUE
"GTACTTTAGCGGCTTC",TRUE
"GTACTTTAGGCTATCT",TRUE
"GTACTTTAGTTTGCGT",TRUE
"GTACTTTCAGGGCATA",TRUE
"GTACTTTGTTCAGACT",TRUE
"GTACTTTTCACGATGT",TRUE
"GTACTTTTCGTAGATC",TRUE
"GTAGGCCCACCAGTTA",TRUE
"GTAGGCCCACCTCGTT",TRUE
"GTAGGCCCACTGTCGG",TRUE
"GTAGGCCGTCCGTCAG",TRUE
"GTAGGCCGTCTCATCC",TRUE
"GTAGGCCTCCCAAGTA",TRUE
"GTAGGCCTCGGCGCAT",TRUE
"GTAGGCCTCTACCTGC",TRUE
"GTAGTCAAGAGGTTAT",TRUE
"GTAGTCACAGATCCAT",TRUE
"GTAGTCAGTGGCGAAT",TRUE
"GTAGTCAGTGTGCCTG",TRUE
"GTAGTCATCGTCTGAA",TRUE
"GTAGTCATCTGGTGTA",TRUE
"GTATCTTAGTACGCGA",TRUE
"GTATCTTCAAAGTCAA",TRUE
"GTATCTTCATGGATGG",TRUE
"GTATCTTCATTAGCCA",TRUE
"GTATCTTGTACATGTC",TRUE
"GTATCTTGTAGCCTAT",TRUE
"GTATCTTGTTTGTTTC",TRUE
"GTATTCTAGAACAATC",TRUE
"GTATTCTAGAACTCGG",TRUE
"GTATTCTAGCCACTAT",TRUE
"GTATTCTAGTCTCCTC",TRUE
"GTATTCTGTGAGTGAC",TRUE
"GTATTCTGTGATGATA",TRUE
"GTATTCTGTTATTCTC",TRUE
"GTATTCTTCTTGCCGT",TRUE
"GTATTCTTCTTTACAC",TRUE
"GTCAAGTAGAACTGTA",TRUE
"GTCAAGTAGGAGCGAG",TRUE
"GTCAAGTAGTTAACGA",TRUE
"GTCAAGTGTAGAGTGC",TRUE
"GTCAAGTGTCCCTTGT",TRUE
"GTCAAGTGTCTAAAGA",TRUE
"GTCAAGTGTCTGATTG",TRUE
"GTCAAGTGTGTGACGA",TRUE
"GTCAAGTTCACCCGAG",TRUE
"GTCAAGTTCATCTGTT",TRUE
"GTCAAGTTCCACTGGG",TRUE
"GTCACAACATATGCTG",TRUE
"GTCACAATCGAGAGCA",TRUE
"GTCACGGAGAGGTTAT",TRUE
"GTCACGGAGATAGCAT",TRUE
"GTCACGGAGCTAAGAT",TRUE
"GTCACGGAGCTGCGAA",TRUE
"GTCACGGAGGAGTAGA",TRUE
"GTCACGGCAAGACACG",TRUE
"GTCACGGCACATCTTT",TRUE
"GTCACGGCATACAGCT",TRUE
"GTCACGGGTTCCTCCA",TRUE
"GTCACGGTCACGATGT",TRUE
"GTCACGGTCGAATCCA",TRUE
"GTCATTTAGCAGCCTC",TRUE
"GTCATTTAGTGGTAGC",TRUE
"GTCATTTCAACTGCGC",TRUE
"GTCATTTCAATAACGA",TRUE
"GTCATTTCATGATCCA",TRUE
"GTCATTTTCACGATGT",TRUE
"GTCATTTTCCGTCAAA",TRUE
"GTCATTTTCCTACAGA",TRUE
"GTCATTTTCGGATGTT",TRUE
"GTCATTTTCGGTCCGA",TRUE
"GTCATTTTCTCGTTTA",TRUE
"GTCATTTTCTGATTCT",TRUE
"GTCCTCAAGAAACCAT",TRUE
"GTCCTCAAGCTAAACA",TRUE
"GTCCTCACATTGGCGC",TRUE
"GTCCTCAGTATAGGTA",TRUE
"GTCCTCAGTCTAAAGA",TRUE
"GTCCTCAGTGGTCTCG",TRUE
"GTCCTCATCGTCCGTT",TRUE
"GTCCTCATCTCTTATG",TRUE
"GTCGGGTCAGCTATTG",TRUE
"GTCGGGTGTAAGGATT",TRUE
"GTCGGGTGTCTGCGGT",TRUE
"GTCGGGTTCAACGCTA",TRUE
"GTCGGGTTCTACTATC",TRUE
"GTCGTAAAGTACGCGA",TRUE
"GTCGTAACAAATTGCC",TRUE
"GTCGTAACAACACCCG",TRUE
"GTCGTAACATTGGGCC",TRUE
"GTCGTAAGTCTAGAGG",TRUE
"GTCGTAAGTTCGAATC",TRUE
"GTCGTAATCCACGACG",TRUE
"GTCTCGTAGCTACCGC",TRUE
"GTCTCGTCACGTGAGA",TRUE
"GTCTCGTCAGCCTATA",TRUE
"GTCTCGTCAGCTCCGA",TRUE
"GTCTCGTCATACTACG",TRUE
"GTCTCGTGTAATCGTC",TRUE
"GTCTCGTTCGATAGAA",TRUE
"GTCTTCGGTTAGTGGG",TRUE
"GTCTTCGTCAAGAAGT",TRUE
"GTCTTCGTCTGAGGGA",TRUE
"GTGAAGGAGCGAAGGG",TRUE
"GTGAAGGCAAGAAAGG",TRUE
"GTGAAGGCAAGCGTAG",TRUE
"GTGAAGGCACGTTGGC",TRUE
"GTGAAGGCAGCCTTTC",TRUE
"GTGAAGGCATCCGTGG",TRUE
"GTGAAGGCATCCTAGA",TRUE
"GTGAAGGCATTGGCGC",TRUE
"GTGAAGGGTTCCGTCT",TRUE
"GTGAAGGTCACATGCA",TRUE
"GTGAAGGTCTGGTTCC",TRUE
"GTGCAGCAGTACGACG",TRUE
"GTGCAGCAGTCAATAG",TRUE
"GTGCAGCAGTTGAGTA",TRUE
"GTGCAGCCACAGAGGT",TRUE
"GTGCAGCCATCCTAGA",TRUE
"GTGCAGCTCAGGTAAA",TRUE
"GTGCAGCTCTTGTATC",TRUE
"GTGCATAAGAAACGAG",TRUE
"GTGCATAAGCCTTGAT",TRUE
"GTGCATAAGTAGTGCG",TRUE
"GTGCATACAATCAGAA",TRUE
"GTGCATACACATGACT",TRUE
"GTGCATACATCCGCGA",TRUE
"GTGCATAGTAAACCTC",TRUE
"GTGCATAGTATCGCAT",TRUE
"GTGCATAGTCGAGATG",TRUE
"GTGCATAGTCGTTGTA",TRUE
"GTGCATAGTGTCCTCT",TRUE
"GTGCATATCCAAACTG",TRUE
"GTGCATATCCCAACGG",TRUE
"GTGCATATCCCAAGTA",TRUE
"GTGCGGTAGACACTAA",TRUE
"GTGCGGTAGTCATGCT",TRUE
"GTGCGGTAGTTCGCAT",TRUE
"GTGCGGTCAACACCCG",TRUE
"GTGCGGTCAAGACGTG",TRUE
"GTGCGGTCAGACAAAT",TRUE
"GTGCGGTCAGAGCCAA",TRUE
"GTGCGGTGTAGAGCTG",TRUE
"GTGCGGTTCCTCCTAG",TRUE
"GTGCTTCCAGGAATCG",TRUE
"GTGCTTCCATCTGGTA",TRUE
"GTGCTTCGTATCAGTC",TRUE
"GTGCTTCTCAGTTAGC",TRUE
"GTGCTTCTCGGTTAAC",TRUE
"GTGGGTCCAGCTCCGA",TRUE
"GTGGGTCCAGTAACGG",TRUE
"GTGGGTCGTACTCTCC",TRUE
"GTGGGTCGTAGCGCAA",TRUE
"GTGGGTCGTCTGGTCG",TRUE
"GTGGGTCGTGACCAAG",TRUE
"GTGGGTCTCAGCACAT",TRUE
"GTGGGTCTCCGCATAA",TRUE
"GTGTGCGAGCCAGTTT",TRUE
"GTGTGCGAGCTTTGGT",TRUE
"GTGTGCGAGTCCAGGA",TRUE
"GTGTGCGCACTAGTAC",TRUE
"GTGTGCGGTAGCCTCG",TRUE
"GTGTGCGGTCAAAGCG",TRUE
"GTGTGCGGTCAATACC",TRUE
"GTGTGCGGTTCCGGCA",TRUE
"GTGTGCGGTTGTTTGG",TRUE
"GTGTGCGTCCGTTGTC",TRUE
"GTGTTAGAGATGTTAG",TRUE
"GTGTTAGCAGGAATGC",TRUE
"GTGTTAGCATTCGACA",TRUE
"GTGTTAGGTAAGAGGA",TRUE
"GTGTTAGTCTGCGTAA",TRUE
"GTTAAGCAGAGGTTGC",TRUE
"GTTAAGCAGGAATGGA",TRUE
"GTTAAGCAGTCACGCC",TRUE
"GTTAAGCCACATGACT",TRUE
"GTTAAGCCATGCCCGA",TRUE
"GTTAAGCGTGGCAAAC",TRUE
"GTTAAGCTCAATCTCT",TRUE
"GTTAAGCTCACAATGC",TRUE
"GTTAAGCTCGAATCCA",TRUE
"GTTAAGCTCGAATGGG",TRUE
"GTTACAGAGATCGGGT",TRUE
"GTTACAGAGCCAGTTT",TRUE
"GTTACAGAGTGTCCAT",TRUE
"GTTACAGAGTTGTAGA",TRUE
"GTTACAGAGTTGTCGT",TRUE
"GTTACAGCAAACTGCT",TRUE
"GTTACAGCATAGTAAG",TRUE
"GTTACAGTCTTGAGGT",TRUE
"GTTCATTAGCGAGAAA",TRUE
"GTTCATTGTAGCGCAA",TRUE
"GTTCATTGTCGAGATG",TRUE
"GTTCATTGTCTCCATC",TRUE
"GTTCATTGTTATGCGT",TRUE
"GTTCATTTCCCACTTG",TRUE
"GTTCGGGAGATCACGG",TRUE
"GTTCGGGAGGGATGGG",TRUE
"GTTCGGGAGTTGAGAT",TRUE
"GTTCGGGCAATAGAGT",TRUE
"GTTCGGGGTACCGTTA",TRUE
"GTTCGGGGTTCACGGC",TRUE
"GTTCGGGGTTTGGGCC",TRUE
"GTTCTCGAGAGACTTA",TRUE
"GTTCTCGAGATGCCAG",TRUE
"GTTCTCGCACGAAACG",TRUE
"GTTCTCGGTAAATACG",TRUE
"GTTCTCGGTAAGCACG",TRUE
"GTTCTCGGTCATTAGC",TRUE
"GTTCTCGGTCTGGAGA",TRUE
"GTTCTCGGTGCGATAG",TRUE
"GTTCTCGTCACGATGT",TRUE
"GTTCTCGTCTCTGTCG",TRUE
"GTTTCTACAGGGTATG",TRUE
"GTTTCTAGTAAGTGGC",TRUE
"GTTTCTAGTAATCGTC",TRUE
"GTTTCTAGTATAGGGC",TRUE
"GTTTCTAGTCGCCATG",TRUE
"GTTTCTAGTGCACCAC",TRUE
"GTTTCTATCAATAAGG",TRUE
"GTTTCTATCACGATGT",TRUE
"GTTTCTATCCCAAGTA",TRUE
"TAAACCGAGAGTCGGT",TRUE
"TAAACCGAGTAGGCCA",TRUE
"TAAACCGCAAACAACA",TRUE
"TAAACCGCACATCTTT",TRUE
"TAAACCGCACGGTGTC",TRUE
"TAAACCGCATGTCGAT",TRUE
"TAAACCGGTCAATACC",TRUE
"TAAACCGTCCACGTGG",TRUE
"TAAACCGTCGGCTTGG",TRUE
"TAAGAGAAGAAACCAT",TRUE
"TAAGAGAAGCCCAGCT",TRUE
"TAAGAGAGTCGTTGTA",TRUE
"TAAGAGAGTCTTGTCC",TRUE
"TAAGAGATCATAAAGG",TRUE
"TAAGAGATCGTCGTTC",TRUE
"TAAGAGATCTCAAGTG",TRUE
"TAAGCGTAGACATAAC",TRUE
"TAAGCGTCAAGTAGTA",TRUE
"TAAGCGTCACTTAAGC",TRUE
"TAAGCGTCAGATGGCA",TRUE
"TAAGCGTCATGAACCT",TRUE
"TAAGCGTGTCTAGGTT",TRUE
"TAAGCGTGTTGAGTTC",TRUE
"TAAGCGTTCACGGTTA",TRUE
"TAAGCGTTCAGTTGAC",TRUE
"TAAGTGCAGGCTATCT",TRUE
"TAAGTGCAGTCGTTTG",TRUE
"TAAGTGCCACAGACTT",TRUE
"TAAGTGCCACGCGAAA",TRUE
"TAAGTGCGTAGCGTCC",TRUE
"TAAGTGCTCGCCAGCA",TRUE
"TACACGAAGCTGATAA",TRUE
"TACACGAAGTACGCCC",TRUE
"TACACGAAGTCGAGTG",TRUE
"TACACGACAAAGCAAT",TRUE
"TACACGACAGGGTACA",TRUE
"TACACGACAGGTGCCT",TRUE
"TACACGACAGTTAACC",TRUE
"TACACGATCAAACAAG",TRUE
"TACACGATCGGACAAG",TRUE
"TACACGATCGGCTACG",TRUE
"TACAGTGAGTACATGA",TRUE
"TACAGTGCAAAGAATC",TRUE
"TACAGTGCACATCCAA",TRUE
"TACAGTGGTAGTAGTA",TRUE
"TACAGTGTCAGCATGT",TRUE
"TACAGTGTCTGGGCCA",TRUE
"TACAGTGTCTGGTTCC",TRUE
"TACCTATAGCGCCTCA",TRUE
"TACCTATCAAAGGTGC",TRUE
"TACCTATCACCCATTC",TRUE
"TACCTATCATATGCTG",TRUE
"TACCTATCATCCTAGA",TRUE
"TACCTATGTACGACCC",TRUE
"TACCTATGTCACTGGC",TRUE
"TACCTATGTCGGCATC",TRUE
"TACCTTAAGTGAACGC",TRUE
"TACCTTACAGGATTGG",TRUE
"TACCTTACATCTATGG",TRUE
"TACCTTACATTCGACA",TRUE
"TACCTTAGTACAGCAG",TRUE
"TACCTTATCCATGCTC",TRUE
"TACGGATAGACTAAGT",TRUE
"TACGGATAGGAACTGC",TRUE
"TACGGATCAATCCAAC",TRUE
"TACGGATCACCGATAT",TRUE
"TACGGATCAGCGATCC",TRUE
"TACGGATCATCTCGCT",TRUE
"TACGGATGTCCTGCTT",TRUE
"TACGGATGTCGGGTCT",TRUE
"TACGGATGTGCGATAG",TRUE
"TACGGATTCCATTCTA",TRUE
"TACGGATTCGGTGTCG",TRUE
"TACGGATTCTAGAGTC",TRUE
"TACGGATTCTCGAGTA",TRUE
"TACGGGCAGCTAACTC",TRUE
"TACGGGCAGCTTTGGT",TRUE
"TACGGGCCAGCTCCGA",TRUE
"TACGGGCCAGCTGGCT",TRUE
"TACGGGCCATACAGCT",TRUE
"TACGGGCCATGGGACA",TRUE
"TACGGGCGTACGACCC",TRUE
"TACGGGCGTTGGTAAA",TRUE
"TACGGTAAGAAACCGC",TRUE
"TACGGTAAGACAATAC",TRUE
"TACGGTAAGACTTGAA",TRUE
"TACGGTAGTCCTCCAT",TRUE
"TACGGTATCAACACGT",TRUE
"TACTCATAGCACCGCT",TRUE
"TACTCATAGTATTGGA",TRUE
"TACTCATCACCGCTAG",TRUE
"TACTCATCACCTTGTC",TRUE
"TACTCATCACTCTGTC",TRUE
"TACTCATCAGAAGCAC",TRUE
"TACTCATGTTGCTCCT",TRUE
"TACTCGCAGACCGGAT",TRUE
"TACTCGCAGAGTAATC",TRUE
"TACTCGCAGAGTCGGT",TRUE
"TACTCGCAGCGGCTTC",TRUE
"TACTCGCAGTGCGTGA",TRUE
"TACTCGCCACCAGGCT",TRUE
"TACTCGCCAGGATTGG",TRUE
"TACTCGCCATGCTAGT",TRUE
"TACTCGCGTTCTGGTA",TRUE
"TACTCGCTCAGCTCGG",TRUE
"TACTTACAGAGTCGGT",TRUE
"TACTTACAGTTGTCGT",TRUE
"TACTTACCAATGAATG",TRUE
"TACTTACTCAACACGT",TRUE
"TACTTACTCAATAAGG",TRUE
"TACTTACTCCACGAAT",TRUE
"TACTTGTAGCGTAATA",TRUE
"TACTTGTCACAACGTT",TRUE
"TACTTGTGTGCCTGGT",TRUE
"TACTTGTTCATCGGAT",TRUE
"TAGACCAAGAAACGCC",TRUE
"TAGACCAAGAGCTTCT",TRUE
"TAGACCAAGATGTTAG",TRUE
"TAGACCAAGTTAGCGG",TRUE
"TAGACCACAAGGCTCC",TRUE
"TAGACCACAGGATTGG",TRUE
"TAGACCACATGCCACG",TRUE
"TAGACCAGTCAGAATA",TRUE
"TAGACCAGTCCAGTAT",TRUE
"TAGACCAGTTCTGGTA",TRUE
"TAGACCATCACTCTTA",TRUE
"TAGACCATCCTAGGGC",TRUE
"TAGACCATCTTCAACT",TRUE
"TAGAGCTAGCACACAG",TRUE
"TAGAGCTGTCTGATCA",TRUE
"TAGAGCTGTGAGGGAG",TRUE
"TAGAGCTGTGCAACTT",TRUE
"TAGAGCTTCCCGACTT",TRUE
"TAGAGCTTCTCGAGTA",TRUE
"TAGCCGGAGCAGGTCA",TRUE
"TAGCCGGAGCGATCCC",TRUE
"TAGCCGGGTAGAGTGC",TRUE
"TAGCCGGGTCGCTTCT",TRUE
"TAGCCGGGTTAAGATG",TRUE
"TAGCCGGTCTGAGTGT",TRUE
"TAGGCATAGCTTTGGT",TRUE
"TAGGCATAGGCACATG",TRUE
"TAGGCATGTCAGTGGA",TRUE
"TAGGCATTCGAGAGCA",TRUE
"TAGGCATTCGCGTAGC",TRUE
"TAGGCATTCTGCCAGG",TRUE
"TAGTGGTAGCGAGAAA",TRUE
"TAGTGGTAGTCTCCTC",TRUE
"TAGTGGTCACGTTGGC",TRUE
"TAGTGGTCACTCGACG",TRUE
"TAGTGGTGTCTGGAGA",TRUE
"TAGTGGTTCTACCAGA",TRUE
"TAGTTGGAGGCCCTCA",TRUE
"TAGTTGGAGTGATCGG",TRUE
"TAGTTGGGTGTGACCC",TRUE
"TAGTTGGGTTCACCTC",TRUE
"TAGTTGGTCACTTATC",TRUE
"TAGTTGGTCCCATTAT",TRUE
"TAGTTGGTCCCTAATT",TRUE
"TAGTTGGTCGGTTAAC",TRUE
"TATCAGGAGAATGTGT",TRUE
"TATCAGGAGCTAGGCA",TRUE
"TATCAGGAGTTACCCA",TRUE
"TATCAGGCACCTCGGA",TRUE
"TATCAGGGTCGCCATG",TRUE
"TATCTCAAGTGGGATC",TRUE
"TATCTCACAACTGCTA",TRUE
"TATCTCACACAAGTAA",TRUE
"TATCTCACACGTCAGC",TRUE
"TATCTCACACTGCCAG",TRUE
"TATCTCACATAAAGGT",TRUE
"TATCTCAGTCAAACTC",TRUE
"TATCTCATCGGTCCGA",TRUE
"TATGCCCAGCAAATCA",TRUE
"TATGCCCCAGCCACCA",TRUE
"TATGCCCGTGCCTGCA",TRUE
"TATGCCCTCATTATCC",TRUE
"TATGCCCTCCTTGGTC",TRUE
"TATTACCAGAAACCGC",TRUE
"TATTACCCAGATCCAT",TRUE
"TATTACCCATTAGCCA",TRUE
"TATTACCGTCCATGAT",TRUE
"TATTACCGTTTGACTG",TRUE
"TATTACCTCCTTGCCA",TRUE
"TATTACCTCGGCGCAT",TRUE
"TATTACCTCTAACTTC",TRUE
"TCAACGAAGGAATGGA",TRUE
"TCAACGACAAGACGTG",TRUE
"TCAACGACAGTAGAGC",TRUE
"TCAACGACATCTCCCA",TRUE
"TCAACGAGTCGTGGCT",TRUE
"TCAACGAGTCTGCGGT",TRUE
"TCAACGATCTACTCAT",TRUE
"TCAACGATCTGCCAGG",TRUE
"TCAACGATCTTTAGTC",TRUE
"TCAATCTAGGAGCGAG",TRUE
"TCAATCTAGTTCCACA",TRUE
"TCAATCTCAATGGAAT",TRUE
"TCAATCTCACTGCCAG",TRUE
"TCAATCTCAGGTCTCG",TRUE
"TCAATCTGTAGCTCCG",TRUE
"TCAATCTGTCCGAGTC",TRUE
"TCAATCTGTCTTGCGG",TRUE
"TCAATCTGTGATAAGT",TRUE
"TCAATCTGTTCCCGAG",TRUE
"TCAATCTTCAACACCA",TRUE
"TCAATCTTCACTTATC",TRUE
"TCAATCTTCCAACCAA",TRUE
"TCAATCTTCGAATCCA",TRUE
"TCAATCTTCGCGTTTC",TRUE
"TCACAAGAGCGTGAGT",TRUE
"TCACAAGCACACAGAG",TRUE
"TCACAAGCATCTGGTA",TRUE
"TCACAAGGTCGGGTCT",TRUE
"TCACAAGGTTCTGAAC",TRUE
"TCACAAGTCTTGTATC",TRUE
"TCACGAAAGGGAACGG",TRUE
"TCACGAACAAGTTGTC",TRUE
"TCACGAACAGGAATGC",TRUE
"TCACGAAGTCGCGGTT",TRUE
"TCACGAAGTTCCACGG",TRUE
"TCAGATGAGGCACATG",TRUE
"TCAGATGCACATCTTT",TRUE
"TCAGATGCACCATCCT",TRUE
"TCAGATGCAGATCTGT",TRUE
"TCAGATGCAGCGTAAG",TRUE
"TCAGATGGTATAAACG",TRUE
"TCAGATGGTCGCATCG",TRUE
"TCAGATGGTCTTGTCC",TRUE
"TCAGATGTCGCAGGCT",TRUE
"TCAGATGTCGCTTAGA",TRUE
"TCAGCAAAGGAATTAC",TRUE
"TCAGCAAAGGCTAGGT",TRUE
"TCAGCAAAGTACGTTC",TRUE
"TCAGCAACACTTCGAA",TRUE
"TCAGCAACATTACCTT",TRUE
"TCAGCAACATTCTCAT",TRUE
"TCAGCAAGTCTCCCTA",TRUE
"TCAGCAAGTTCACCTC",TRUE
"TCAGCAATCCTAGGGC",TRUE
"TCAGCAATCGCAAACT",TRUE
"TCAGCTCAGCGATCCC",TRUE
"TCAGCTCAGTTGTCGT",TRUE
"TCAGCTCCACATCCGG",TRUE
"TCAGCTCCAGCTCGAC",TRUE
"TCAGCTCGTAGAGTGC",TRUE
"TCAGCTCGTCTCCCTA",TRUE
"TCAGCTCGTGAAATCA",TRUE
"TCAGCTCGTTAGATGA",TRUE
"TCAGCTCTCACAGTAC",TRUE
"TCAGCTCTCGGAGCAA",TRUE
"TCAGGATAGCACCGCT",TRUE
"TCAGGATAGCCAACAG",TRUE
"TCAGGATAGTGCAAGC",TRUE
"TCAGGATCAAGAAGAG",TRUE
"TCAGGATCATGGTCAT",TRUE
"TCAGGATCATTGTGCA",TRUE
"TCAGGATGTAGCGTAG",TRUE
"TCAGGATTCAAACCAC",TRUE
"TCAGGATTCACCCTCA",TRUE
"TCAGGATTCTGGTATG",TRUE
"TCAGGTAAGACGCTTT",TRUE
"TCAGGTAAGGGTTCCC",TRUE
"TCAGGTAAGTCCCACG",TRUE
"TCAGGTACATCGGAAG",TRUE
"TCAGGTACATTAGCCA",TRUE
"TCAGGTAGTAGCTGCC",TRUE
"TCAGGTAGTATTAGCC",TRUE
"TCAGGTAGTTGATTCG",TRUE
"TCATTACAGACTAGAT",TRUE
"TCATTACAGTGGGTTG",TRUE
"TCATTACCACATCCAA",TRUE
"TCATTACCACGCCAGT",TRUE
"TCATTACCATCACGTA",TRUE
"TCATTACCATGCAATC",TRUE
"TCATTACCATGTCTCC",TRUE
"TCATTACCATTCACTT",TRUE
"TCATTACGTAAATGTG",TRUE
"TCATTACGTCTCAACA",TRUE
"TCATTACTCAACTCTT",TRUE
"TCATTACTCAGCAACT",TRUE
"TCATTTGAGGTAAACT",TRUE
"TCATTTGCACTGTTAG",TRUE
"TCATTTGCAGGGTTAG",TRUE
"TCATTTGCAGTAACGG",TRUE
"TCATTTGGTCTAGTGT",TRUE
"TCATTTGGTTGTCGCG",TRUE
"TCCACACAGAAGGACA",TRUE
"TCCACACAGCCACGCT",TRUE
"TCCACACCAACAACCT",TRUE
"TCCACACGTGTGACCC",TRUE
"TCCACACTCACCATAG",TRUE
"TCCACACTCTCAAGTG",TRUE
"TCCCGATAGATAGGAG",TRUE
"TCCCGATAGCCACGTC",TRUE
"TCCCGATAGGTGCACA",TRUE
"TCCCGATAGTCTTGCA",TRUE
"TCCCGATCAAGAGGCT",TRUE
"TCCCGATGTCATTAGC",TRUE
"TCCCGATTCCCTGACT",TRUE
"TCGAGGCAGAGCTGCA",TRUE
"TCGAGGCAGATAGGAG",TRUE
"TCGAGGCAGCATCATC",TRUE
"TCGAGGCAGTGCGATG",TRUE
"TCGAGGCCAAGGACAC",TRUE
"TCGAGGCCACCGGAAA",TRUE
"TCGAGGCGTCTAAACC",TRUE
"TCGAGGCGTCTTGTCC",TRUE
"TCGAGGCGTGAGTATA",TRUE
"TCGAGGCGTTCATGGT",TRUE
"TCGAGGCTCCAGAGGA",TRUE
"TCGAGGCTCGTTGACA",TRUE
"TCGAGGCTCTTAGCCC",TRUE
"TCGCGAGAGCACAGGT",TRUE
"TCGCGAGAGCTTCGCG",TRUE
"TCGCGAGAGGTGCAAC",TRUE
"TCGCGAGGTAGAGTGC",TRUE
"TCGCGAGGTCTCTCGT",TRUE
"TCGCGAGTCCACTCCA",TRUE
"TCGCGAGTCCCATTAT",TRUE
"TCGCGAGTCCGTAGGC",TRUE
"TCGCGAGTCTTGCCGT",TRUE
"TCGCGTTAGCAGGCTA",TRUE
"TCGCGTTGTCACACGC",TRUE
"TCGCGTTGTTAGTGGG",TRUE
"TCGCGTTGTTCCATGA",TRUE
"TCGCGTTGTTCGTGAT",TRUE
"TCGCGTTTCCTAGGGC",TRUE
"TCGCGTTTCTAGAGTC",TRUE
"TCGGGACAGACGCACA",TRUE
"TCGGGACAGGATGTAT",TRUE
"TCGGGACCACTGTTAG",TRUE
"TCGGGACGTAGCTTGT",TRUE
"TCGGGACTCGTTTGCC",TRUE
"TCGGGACTCTTTCCTC",TRUE
"TCGGTAAAGATCCCGC",TRUE
"TCGGTAAAGATCTGCT",TRUE
"TCGGTAAAGTTGTCGT",TRUE
"TCGGTAACACATCCAA",TRUE
"TCGGTAAGTCTTGATG",TRUE
"TCGGTAATCATAGCAC",TRUE
"TCGGTAATCCACGCAG",TRUE
"TCGGTAATCTTCGGTC",TRUE
"TCGTACCAGAATAGGG",TRUE
"TCGTACCCACGGTGTC",TRUE
"TCGTACCGTAATTGGA",TRUE
"TCGTACCGTTCGCTAA",TRUE
"TCGTACCGTTGCCTCT",TRUE
"TCGTAGAAGCAGATCG",TRUE
"TCGTAGACAAGACGTG",TRUE
"TCGTAGACAATGACCT",TRUE
"TCGTAGACACATCCAA",TRUE
"TCGTAGACAGGTCTCG",TRUE
"TCGTAGAGTCATTAGC",TRUE
"TCGTAGATCAGCTTAG",TRUE
"TCGTAGATCCTAAGTG",TRUE
"TCGTAGATCTTGAGAC",TRUE
"TCTATTGAGGTGACCA",TRUE
"TCTATTGCAATGAATG",TRUE
"TCTATTGCACGAAATA",TRUE
"TCTATTGCAGTTAACC",TRUE
"TCTATTGTCATTATCC",TRUE
"TCTCATAAGACACTAA",TRUE
"TCTCATAAGTCGTTTG",TRUE
"TCTCATACAAACCTAC",TRUE
"TCTCATACATCGATGT",TRUE
"TCTCATAGTATAGGTA",TRUE
"TCTCATAGTCTGATCA",TRUE
"TCTCATAGTTCCAACA",TRUE
"TCTCATAGTTGATTGC",TRUE
"TCTCATAGTTTAAGCC",TRUE
"TCTCATATCCCGGATG",TRUE
"TCTCATATCCCTGACT",TRUE
"TCTCATATCGTTACAG",TRUE
"TCTCATATCTCGTTTA",TRUE
"TCTCTAAAGTAAGTAC",TRUE
"TCTCTAACACGGTAGA",TRUE
"TCTCTAACACGTCAGC",TRUE
"TCTCTAAGTCGGCTCA",TRUE
"TCTCTAATCAGAGCTT",TRUE
"TCTCTAATCGCATGGC",TRUE
"TCTCTAATCGTATCAG",TRUE
"TCTGAGAAGGGTTCCC",TRUE
"TCTGAGACAAGAAAGG",TRUE
"TCTGAGACAATGGACG",TRUE
"TCTGAGAGTAAGGGAA",TRUE
"TCTGAGAGTTGATTCG",TRUE
"TCTGAGATCCGCATAA",TRUE
"TCTGGAAAGAACTCGG",TRUE
"TCTGGAAAGATGAGAG",TRUE
"TCTGGAAAGTACACCT",TRUE
"TCTGGAACAAGTTGTC",TRUE
"TCTGGAAGTAGAAAGG",TRUE
"TCTGGAATCGAGAACG",TRUE
"TCTGGAATCTTTAGGG",TRUE
"TCTTCGGAGCTACCTA",TRUE
"TCTTCGGAGGCTACGA",TRUE
"TCTTCGGAGGCTAGCA",TRUE
"TCTTCGGAGGGTGTTG",TRUE
"TCTTCGGGTAATCACC",TRUE
"TCTTCGGGTGTGGTTT",TRUE
"TCTTCGGTCAGCTGGC",TRUE
"TCTTTCCCACATGACT",TRUE
"TCTTTCCCACCCTATC",TRUE
"TCTTTCCGTAACGACG",TRUE
"TCTTTCCGTATAGGGC",TRUE
"TCTTTCCGTGCAGTAG",TRUE
"TGAAAGAAGAATAGGG",TRUE
"TGAAAGAAGCGTAATA",TRUE
"TGAAAGAAGTGGGATC",TRUE
"TGAAAGACAGATAATG",TRUE
"TGAAAGACATCGGGTC",TRUE
"TGAAAGAGTAGAGGAA",TRUE
"TGAAAGAGTCAGAAGC",TRUE
"TGAAAGATCTCCAGGG",TRUE
"TGAAAGATCTTGCAAG",TRUE
"TGAAAGATCTTGGGTA",TRUE
"TGACAACAGATCCTGT",TRUE
"TGACAACCAGGGTACA",TRUE
"TGACAACTCCTGCAGG",TRUE
"TGACAACTCTCGTTTA",TRUE
"TGACAACTCTCTGCTG",TRUE
"TGACAACTCTGCTGTC",TRUE
"TGACGGCAGCTACCGC",TRUE
"TGACGGCAGTTAGGTA",TRUE
"TGACGGCCAGACTCGC",TRUE
"TGACGGCGTAGTGAAT",TRUE
"TGACGGCGTCATATGC",TRUE
"TGACGGCGTTAAAGTG",TRUE
"TGACGGCTCTAACCGA",TRUE
"TGACGGCTCTCTGAGA",TRUE
"TGACTAGAGAAAGTGG",TRUE
"TGACTAGAGGTGTTAA",TRUE
"TGACTAGAGTGTCCCG",TRUE
"TGACTAGCAGTCTTCC",TRUE
"TGACTAGGTCTCCCTA",TRUE
"TGACTAGGTCTTCGTC",TRUE
"TGACTAGGTGTGGTTT",TRUE
"TGACTAGGTTCGCGAC",TRUE
"TGACTAGTCAACGGGA",TRUE
"TGACTTTCAAGTACCT",TRUE
"TGACTTTCACTAGTAC",TRUE
"TGACTTTGTGAGTGAC",TRUE
"TGACTTTGTTCAGACT",TRUE
"TGACTTTGTTGCGCAC",TRUE
"TGACTTTTCGACGGAA",TRUE
"TGAGAGGAGATCCTGT",TRUE
"TGAGAGGAGCGTGAGT",TRUE
"TGAGAGGAGGGTCGAT",TRUE
"TGAGAGGAGTCATCCA",TRUE
"TGAGAGGCACACGCTG",TRUE
"TGAGAGGCACATCCAA",TRUE
"TGAGAGGGTCTCTCTG",TRUE
"TGAGAGGGTTAAAGAC",TRUE
"TGAGAGGTCCAAATGC",TRUE
"TGAGAGGTCTAAGCCA",TRUE
"TGAGCATAGGAGCGTT",TRUE
"TGAGCATCAGCCTTTC",TRUE
"TGAGCATCATACGCTA",TRUE
"TGAGCATGTGCAACGA",TRUE
"TGAGCATGTGCCTGTG",TRUE
"TGAGCATTCACGAAGG",TRUE
"TGAGCATTCAGGTTCA",TRUE
"TGAGCATTCCATGAGT",TRUE
"TGAGCATTCCGTTGCT",TRUE
"TGAGCATTCTCGTTTA",TRUE
"TGAGCCGAGAGGTTAT",TRUE
"TGAGCCGCAAGCTGAG",TRUE
"TGAGCCGCATCCCATC",TRUE
"TGAGCCGGTCAGATAA",TRUE
"TGAGCCGTCAGGATCT",TRUE
"TGAGCCGTCCCGGATG",TRUE
"TGAGCCGTCCTCAATT",TRUE
"TGAGCCGTCTTTACGT",TRUE
"TGAGGGAAGAACAACT",TRUE
"TGAGGGAAGCGATGAC",TRUE
"TGAGGGACAATGGACG",TRUE
"TGAGGGAGTATAGTAG",TRUE
"TGAGGGAGTTCCATGA",TRUE
"TGAGGGATCGGTGTCG",TRUE
"TGAGGGATCTCGAGTA",TRUE
"TGAGGGATCTGCAAGT",TRUE
"TGATTTCAGTAACCCT",TRUE
"TGATTTCAGTACACCT",TRUE
"TGATTTCAGTGAAGTT",TRUE
"TGATTTCCAGATCGGA",TRUE
"TGATTTCGTATCACCA",TRUE
"TGATTTCGTCACACGC",TRUE
"TGATTTCGTCTAAACC",TRUE
"TGATTTCGTTACGACT",TRUE
"TGATTTCGTTCAGTAC",TRUE
"TGATTTCTCAACTCTT",TRUE
"TGCACCTAGCTCCCAG",TRUE
"TGCACCTAGTTTGCGT",TRUE
"TGCACCTCAAATACAG",TRUE
"TGCACCTCACAACGTT",TRUE
"TGCACCTCAGAGTGTG",TRUE
"TGCACCTGTCTAGTCA",TRUE
"TGCACCTGTTAGATGA",TRUE
"TGCCAAAAGGCAGTCA",TRUE
"TGCCAAACATGCCCGA",TRUE
"TGCCAAAGTCATTAGC",TRUE
"TGCCAAAGTTCTGGTA",TRUE
"TGCCCATAGCTCTCGG",TRUE
"TGCCCATCAAGACACG",TRUE
"TGCCCATTCAAACGGG",TRUE
"TGCCCTAAGGTGCTTT",TRUE
"TGCCCTAGTGTATGGG",TRUE
"TGCCCTAGTTCATGGT",TRUE
"TGCCCTATCAAGGCTT",TRUE
"TGCCCTATCGGATGTT",TRUE
"TGCGCAGAGCCAGAAC",TRUE
"TGCGCAGAGCCAGTAG",TRUE
"TGCGCAGAGGCCGAAT",TRUE
"TGCGCAGAGGTGCTAG",TRUE
"TGCGCAGTCTATCCCG",TRUE
"TGCGGGTAGCTAACTC",TRUE
"TGCGGGTAGTAGGCCA",TRUE
"TGCGGGTAGTTAGCGG",TRUE
"TGCGGGTCAAGCGTAG",TRUE
"TGCGGGTCACCCATTC",TRUE
"TGCGGGTCACCCTATC",TRUE
"TGCGGGTCATCACGTA",TRUE
"TGCGGGTCATTGGCGC",TRUE
"TGCGGGTGTTGTACAC",TRUE
"TGCGGGTTCATAGCAC",TRUE
"TGCGGGTTCCGCATCT",TRUE
"TGCGTGGAGCACAGGT",TRUE
"TGCGTGGAGGGCATGT",TRUE
"TGCGTGGCACATTTCT",TRUE
"TGCGTGGGTAAGGATT",TRUE
"TGCGTGGGTCAGTGGA",TRUE
"TGCGTGGTCCTAGAAC",TRUE
"TGCTACCAGAGGACGG",TRUE
"TGCTACCGTAAGTGGC",TRUE
"TGCTACCGTTGATTGC",TRUE
"TGCTACCTCCCAGGTG",TRUE
"TGCTACCTCCTTAATC",TRUE
"TGCTACCTCGACCAGC",TRUE
"TGCTACCTCGCAGGCT",TRUE
"TGCTGCTAGCACAGGT",TRUE
"TGCTGCTAGGCAGTCA",TRUE
"TGCTGCTCAAGTAGTA",TRUE
"TGCTGCTCAATTGCTG",TRUE
"TGCTGCTCAGTCGATT",TRUE
"TGCTGCTCATGCCTAA",TRUE
"TGCTGCTCATGCTGGC",TRUE
"TGCTGCTGTGATAAAC",TRUE
"TGCTGCTGTGCCTGTG",TRUE
"TGCTGCTGTTGCGTTA",TRUE
"TGCTGCTGTTGGACCC",TRUE
"TGCTGCTTCAGCACAT",TRUE
"TGCTGCTTCCGGCACA",TRUE
"TGCTGCTTCTTGGGTA",TRUE
"TGGACGCAGAAGATTC",TRUE
"TGGACGCAGAGTACAT",TRUE
"TGGACGCAGATGTAAC",TRUE
"TGGACGCAGCTGGAAC",TRUE
"TGGACGCAGGAGTAGA",TRUE
"TGGACGCAGGGAACGG",TRUE
"TGGACGCCACAGGTTT",TRUE
"TGGACGCCAGTCCTTC",TRUE
"TGGACGCCAGTGAGTG",TRUE
"TGGACGCGTCTACCTC",TRUE
"TGGACGCGTGCCTTGG",TRUE
"TGGACGCTCCAAACAC",TRUE
"TGGACGCTCGGAAATA",TRUE
"TGGCCAGAGATATGGT",TRUE
"TGGCCAGAGATGTAAC",TRUE
"TGGCCAGAGCCTTGAT",TRUE
"TGGCCAGCAAGAGTCG",TRUE
"TGGCCAGCAAGTACCT",TRUE
"TGGCCAGCACGAAAGC",TRUE
"TGGCCAGGTGATGTCT",TRUE
"TGGCCAGGTGTTGGGA",TRUE
"TGGCCAGTCATTCACT",TRUE
"TGGCCAGTCGGCATCG",TRUE
"TGGCGCAAGCGCCTCA",TRUE
"TGGCGCAAGCGGCTTC",TRUE
"TGGCGCAAGGAACTGC",TRUE
"TGGCGCAAGGCTATCT",TRUE
"TGGCGCACACGTTGGC",TRUE
"TGGCGCAGTCACTGGC",TRUE
"TGGCGCAGTTCTCATT",TRUE
"TGGCGCATCCACGCAG",TRUE
"TGGCGCATCCTCGCAT",TRUE
"TGGCGCATCGTTGCCT",TRUE
"TGGCTGGAGACGCAAC",TRUE
"TGGCTGGAGCAGCCTC",TRUE
"TGGCTGGAGTCCATAC",TRUE
"TGGCTGGGTAAGGGAA",TRUE
"TGGCTGGGTACCTACA",TRUE
"TGGCTGGGTCAGAATA",TRUE
"TGGCTGGGTCCAGTGC",TRUE
"TGGCTGGGTCGCGTGT",TRUE
"TGGCTGGGTTGATTGC",TRUE
"TGGCTGGTCATTGCCC",TRUE
"TGGCTGGTCTCATTCA",TRUE
"TGGGAAGAGTCCTCCT",TRUE
"TGGGAAGCACCCATGG",TRUE
"TGGGAAGCAGTCCTTC",TRUE
"TGGGAAGGTCGCTTTC",TRUE
"TGGGAAGTCAGCTCGG",TRUE
"TGGGAAGTCTGTGCAA",TRUE
"TGGGAAGTCTTATCTG",TRUE
"TGGGCGTAGCACCGCT",TRUE
"TGGGCGTCAATGAAAC",TRUE
"TGGGCGTGTCTCTTTA",TRUE
"TGGGCGTGTGAAGGCT",TRUE
"TGGGCGTTCGCGCCAA",TRUE
"TGGTTAGAGACTAAGT",TRUE
"TGGTTAGAGCGTGAGT",TRUE
"TGGTTAGCACTTCTGC",TRUE
"TGGTTAGCATATACCG",TRUE
"TGGTTAGCATTGCGGC",TRUE
"TGGTTAGGTGAGGCTA",TRUE
"TGGTTAGGTTATCCGA",TRUE
"TGGTTAGTCCTAGAAC",TRUE
"TGGTTCCAGATGCCAG",TRUE
"TGGTTCCAGGGCTCTC",TRUE
"TGGTTCCAGGTTACCT",TRUE
"TGGTTCCAGTGAACAT",TRUE
"TGGTTCCAGTGGGATC",TRUE
"TGGTTCCCAGACGTAG",TRUE
"TGGTTCCGTCAGGACA",TRUE
"TGGTTCCGTCTAACGT",TRUE
"TGGTTCCTCAACACTG",TRUE
"TGGTTCCTCATTCACT",TRUE
"TGGTTCCTCCGGGTGT",TRUE
"TGGTTCCTCGAACTGT",TRUE
"TGTATTCAGATAGGAG",TRUE
"TGTATTCAGCTAGTGG",TRUE
"TGTATTCAGTAGCGGT",TRUE
"TGTATTCCAAAGTGCG",TRUE
"TGTATTCCAAGTTGTC",TRUE
"TGTATTCCAATGAATG",TRUE
"TGTATTCCATCGGTTA",TRUE
"TGTATTCTCCTTTCTC",TRUE
"TGTATTCTCTTCGGTC",TRUE
"TGTCCCAAGCCACGCT",TRUE
"TGTCCCAAGCTGAAAT",TRUE
"TGTCCCAAGGAATTAC",TRUE
"TGTCCCAAGTATCTCG",TRUE
"TGTCCCACAACAACCT",TRUE
"TGTCCCACAATGGACG",TRUE
"TGTCCCAGTTAAAGAC",TRUE
"TGTGGTAAGAATGTGT",TRUE
"TGTGGTAAGACGCAAC",TRUE
"TGTGGTAAGATTACCC",TRUE
"TGTGGTACAATGACCT",TRUE
"TGTGGTACATAAAGGT",TRUE
"TGTGGTACATAACCTG",TRUE
"TGTGGTACATCACAAC",TRUE
"TGTGGTACATGCTAGT",TRUE
"TGTGGTAGTCCGAACC",TRUE
"TGTGGTAGTCTGGAGA",TRUE
"TGTGGTATCAGCGACC",TRUE
"TGTGGTATCCTGTAGA",TRUE
"TGTGTTTGTAGGGACT",TRUE
"TGTGTTTGTCGCCATG",TRUE
"TGTGTTTTCCACGAAT",TRUE
"TGTGTTTTCCCGGATG",TRUE
"TGTGTTTTCGCCATAA",TRUE
"TGTTCCGAGATGTGGC",TRUE
"TGTTCCGCATCCCACT",TRUE
"TGTTCCGCATGCAACT",TRUE
"TGTTCCGGTGCAGTAG",TRUE
"TGTTCCGGTTAGTGGG",TRUE
"TGTTCCGGTTCCATGA",TRUE
"TGTTCCGGTTCCTCCA",TRUE
"TGTTCCGTCAAACAAG",TRUE
"TGTTCCGTCACAACGT",TRUE
"TGTTCCGTCACCTCGT",TRUE
"TGTTCCGTCTGCGTAA",TRUE
"TTAACTCAGATGTGGC",TRUE
"TTAACTCAGCGTTCCG",TRUE
"TTAACTCAGTCGTACT",TRUE
"TTAACTCCAATCCGAT",TRUE
"TTAACTCCACGGCGTT",TRUE
"TTAACTCCAGTAAGAT",TRUE
"TTAACTCCATCAGTCA",TRUE
"TTAACTCGTAGCTGCC",TRUE
"TTAACTCGTATAGGTA",TRUE
"TTAACTCGTCGTCTTC",TRUE
"TTAACTCTCATTGCGA",TRUE
"TTAGGACAGATGGCGT",TRUE
"TTAGGACAGGGCTTGA",TRUE
"TTAGGACCACCAGGTC",TRUE
"TTAGGACGTACCATCA",TRUE
"TTAGGACGTACTTAGC",TRUE
"TTAGGACGTGAGGGAG",TRUE
"TTAGGACGTGTTTGGT",TRUE
"TTAGGACGTTGGTTTG",TRUE
"TTAGGACTCATGGTCA",TRUE
"TTAGGACTCCTCAACC",TRUE
"TTAGGCAAGGCCATAG",TRUE
"TTAGGCAAGGTTCCTA",TRUE
"TTAGGCACAATGAATG",TRUE
"TTAGGCACAATGTAAG",TRUE
"TTAGGCACATATGAGA",TRUE
"TTAGGCAGTCCAGTGC",TRUE
"TTAGGCAGTTGCTCCT",TRUE
"TTAGGCAGTTGTGGAG",TRUE
"TTAGGCATCAGTTAGC",TRUE
"TTAGTTCAGAAGGGTA",TRUE
"TTAGTTCAGCCAGAAC",TRUE
"TTAGTTCAGCTCCCAG",TRUE
"TTAGTTCAGGAGCGTT",TRUE
"TTAGTTCAGGGCATGT",TRUE
"TTAGTTCAGTAGTGCG",TRUE
"TTAGTTCAGTTCGCGC",TRUE
"TTAGTTCCAAGTCTGT",TRUE
"TTAGTTCCATCCGCGA",TRUE
"TTAGTTCGTAATCGTC",TRUE
"TTAGTTCGTGTGCCTG",TRUE
"TTAGTTCTCCCTCAGT",TRUE
"TTAGTTCTCCTTCAAT",TRUE
"TTAGTTCTCGAGAACG",TRUE
"TTATGCTAGACGACGT",TRUE
"TTATGCTAGACTAAGT",TRUE
"TTATGCTAGATGAGAG",TRUE
"TTATGCTAGTACGACG",TRUE
"TTATGCTCAAAGGAAG",TRUE
"TTATGCTTCCTAGAAC",TRUE
"TTATGCTTCTCTTATG",TRUE
"TTATGCTTCTGTGCAA",TRUE
"TTCCCAGAGCGAGAAA",TRUE
"TTCCCAGCAATCAGAA",TRUE
"TTCCCAGCAATCTGCA",TRUE
"TTCCCAGCACCGCTAG",TRUE
"TTCCCAGGTACAGCAG",TRUE
"TTCCCAGGTTTGTTTC",TRUE
"TTCGAAGCAACCGCCA",TRUE
"TTCGAAGGTACCCAAT",TRUE
"TTCGAAGGTGTGGCTC",TRUE
"TTCGAAGTCAACACCA",TRUE
"TTCGAAGTCGCCTGTT",TRUE
"TTCGAAGTCTGAGGGA",TRUE
"TTCGGTCAGAACTGTA",TRUE
"TTCGGTCCATGTCTCC",TRUE
"TTCGGTCGTATCTGCA",TRUE
"TTCGGTCGTCTACCTC",TRUE
"TTCGGTCGTCTCGTTC",TRUE
"TTCGGTCGTCTTGCGG",TRUE
"TTCGGTCGTTGATTCG",TRUE
"TTCGGTCGTTTGACTG",TRUE
"TTCGGTCTCAACCAAC",TRUE
"TTCTACAAGAGACTAT",TRUE
"TTCTACAAGCAGCCTC",TRUE
"TTCTACAAGCTGAAAT",TRUE
"TTCTACACAAAGCAAT",TRUE
"TTCTACACAATGACCT",TRUE
"TTCTACACACGGATAG",TRUE
"TTCTACACATCCCATC",TRUE
"TTCTACACATTCGACA",TRUE
"TTCTACAGTGCGGTAA",TRUE
"TTCTACAGTGGCAAAC",TRUE
"TTCTCAAAGATCTGCT",TRUE
"TTCTCAAGTTTAGGAA",TRUE
"TTCTCAATCTTTCCTC",TRUE
"TTCTCCTAGTGGTCCC",TRUE
"TTCTCCTGTATCACCA",TRUE
"TTCTCCTGTCTGATCA",TRUE
"TTCTCCTGTTCATGGT",TRUE
"TTCTCCTTCATACGGT",TRUE
"TTCTCCTTCCATGCTC",TRUE
"TTCTTAGAGCGTCTAT",TRUE
"TTCTTAGCAGCTTAAC",TRUE
"TTCTTAGCATGCAATC",TRUE
"TTCTTAGGTCTCTCGT",TRUE
"TTCTTAGGTGCACGAA",TRUE
"TTCTTAGGTGCTGTAT",TRUE
"TTCTTAGTCCTTCAAT",TRUE
"TTCTTAGTCGAATGGG",TRUE
"TTCTTAGTCGCGATCG",TRUE
"TTCTTAGTCTCTAGGA",TRUE
"TTCTTAGTCTGGTATG",TRUE
"TTGAACGAGACAAAGG",TRUE
"TTGAACGAGAGGTAGA",TRUE
"TTGAACGAGCTGAACG",TRUE
"TTGAACGAGGAGCGTT",TRUE
"TTGAACGCAATAACGA",TRUE
"TTGAACGCACCCATTC",TRUE
"TTGAACGCAGACGCCT",TRUE
"TTGAACGCAGGCGATA",TRUE
"TTGAACGGTCCCTACT",TRUE
"TTGAACGGTCCCTTGT",TRUE
"TTGAACGTCAGTTTGG",TRUE
"TTGAACGTCGGTGTTA",TRUE
"TTGACTTCAGACAGGT",TRUE
"TTGACTTCAGCCACCA",TRUE
"TTGACTTGTAGGCATG",TRUE
"TTGACTTGTTGGTTTG",TRUE
"TTGACTTTCGTTTATC",TRUE
"TTGCCGTAGCTCCCAG",TRUE
"TTGCCGTAGGCGCTCT",TRUE
"TTGCCGTAGGCTAGGT",TRUE
"TTGCCGTCAAAGTCAA",TRUE
"TTGCCGTCAAATACAG",TRUE
"TTGCCGTCAACACCTA",TRUE
"TTGCCGTCACAACGCC",TRUE
"TTGCCGTCACCATCCT",TRUE
"TTGCCGTCATGGGAAC",TRUE
"TTGCCGTGTACCGAGA",TRUE
"TTGCCGTGTTATGCGT",TRUE
"TTGCCGTGTTTAGCTG",TRUE
"TTGCCGTTCCTGCTTG",TRUE
"TTGCCGTTCGATGAGG",TRUE
"TTGCCGTTCTAACGGT",TRUE
"TTGCGTCAGGCTACGA",TRUE
"TTGCGTCAGTAGATGT",TRUE
"TTGCGTCCAACAACCT",TRUE
"TTGCGTCCAATGGAGC",TRUE
"TTGGAACCAATGAATG",TRUE
"TTGGAACCACAGGCCT",TRUE
"TTGGAACCAGCCTATA",TRUE
"TTGGAACCATACGCCG",TRUE
"TTGGAACTCCGCAGTG",TRUE
"TTGGCAAAGATATGCA",TRUE
"TTGGCAAAGCCTTGAT",TRUE
"TTGGCAACAAATCCGT",TRUE
"TTGGCAACACTAGTAC",TRUE
"TTGGCAACATGCCACG",TRUE
"TTGGCAAGTATTACCG",TRUE
"TTGGCAAGTGCCTTGG",TRUE
"TTGGCAAGTTCCATGA",TRUE
"TTGGCAAGTTCGCTAA",TRUE
"TTGGCAATCGGGAGTA",TRUE
"TTGTAGGAGACGACGT",TRUE
"TTGTAGGAGAGCAATT",TRUE
"TTGTAGGAGTGCCAGA",TRUE
"TTGTAGGCACGGTGTC",TRUE
"TTGTAGGTCCGTCATC",TRUE
"TTTACTGCACGACGAA",TRUE
"TTTACTGCAGGGTTAG",TRUE
"TTTACTGCATCACGTA",TRUE
"TTTACTGGTATCAGTC",TRUE
"TTTACTGGTCTGCCAG",TRUE
"TTTACTGTCACTGGGC",TRUE
"TTTACTGTCGATCCCT",TRUE
"TTTATGCAGACCTAGG",TRUE
"TTTATGCAGAGACTTA",TRUE
"TTTATGCCAAGACACG",TRUE
"TTTATGCCAAGGACAC",TRUE
"TTTATGCCATTACGAC",TRUE
"TTTATGCGTAAGTAGT",TRUE
"TTTATGCGTTTGTTGG",TRUE
"TTTATGCTCACCATAG",TRUE
"TTTATGCTCTTAACCT",TRUE
"TTTCCTCAGGTGATAT",TRUE
"TTTCCTCAGTTATCGC",TRUE
"TTTCCTCCACGGCGTT",TRUE
"TTTCCTCCATATGCTG",TRUE
"TTTCCTCGTACCGTAT",TRUE
"TTTCCTCGTCCATGAT",TRUE
"TTTCCTCGTCTCCATC",TRUE
"TTTCCTCTCACTATTC",TRUE
"TTTCCTCTCCATGCTC",TRUE
"TTTCCTCTCGGTCCGA",TRUE
"TTTCCTCTCTACCAGA",TRUE
"TTTCCTCTCTCCGGTT",TRUE
"TTTGCGCAGAGTTGGC",TRUE
"TTTGCGCCATTTCAGG",TRUE
"TTTGCGCTCCTTAATC",TRUE
"TTTGGTTAGTGCGTGA",TRUE
"TTTGGTTGTGAGGGTT",TRUE
"TTTGGTTGTGTGGTTT",TRUE
"TTTGGTTTCCAGGGCT",TRUE
"TTTGGTTTCGAATGGG",TRUE
"TTTGGTTTCTTTAGTC",TRUE
"TTTGTCAAGAATTGTG",TRUE
"TTTGTCAAGAGTAATC",TRUE
"TTTGTCAAGCGCTCCA",TRUE
"TTTGTCAAGCTATGCT",TRUE
"TTTGTCAAGGCCCTTG",TRUE
"TTTGTCACAACAACCT",TRUE
"TTTGTCACAGAGCCAA",TRUE
"TTTGTCAGTCACCCAG",TRUE
"TTTGTCATCACAATGC",TRUE
"TTTGTCATCCTAAGTG",TRUE
"TTTGTCATCGTTGACA",TRUE
